"bucket_id","name","bytes","mimetype","created_at","updated_at"
"zhaowu-audio","background/jingfo-shengyuan-aac.m4a","5703917","audio/mp4","2026-09-05 08:17:50.264899+00","2026-09-05 08:17:50.264899+00"
"zhaowu-audio","background/jingfo-shengyuan.m4a","8358208","audio/mp4","2026-09-04 20:11:41.287389+00","2026-09-04 20:11:41.287389+00"
"zhaowu-audio","background/uploads/2026-09-07/2fcdf80e-f345-4172-8f0c-5cf5094e06c6.wav","5292332","audio/wav","2026-09-07 07:30:48.079471+00","2026-09-07 07:30:48.079471+00"
"zhaowu-audio","background/uploads/2026-09-07/c7bee6de-d5ef-4d83-b437-4c796d5be45a.wav","5292332","audio/wav","2026-09-07 07:29:35.024172+00","2026-09-07 07:29:35.024172+00"
"zhaowu-audio","background/uploads/2026-09-08/28f2257c-a653-4d26-b10a-e6625b0a49d0.wav","10584332","audio/wav","2026-09-08 18:29:23.455471+00","2026-09-08 18:29:23.455471+00"
"zhaowu-audio","background/uploads/2026-09-08/393d7fb9-2712-44fd-8506-54a4eb74fcf4.wav","10584332","audio/wav","2026-09-08 18:27:03.496952+00","2026-09-08 18:27:03.496952+00"
"zhaowu-audio","background/uploads/2026-09-08/585745c9-ee94-400e-b2cd-a29a7557ff27.mp3","4232273","audio/mpeg","2026-09-08 18:26:03.114469+00","2026-09-08 18:26:03.114469+00"
"zhaowu-audio","background/uploads/2026-09-08/f0736e42-c2c4-43d4-9942-e17697b5a723.mp3","4289948","audio/mpeg","2026-09-08 18:25:36.849251+00","2026-09-08 18:25:36.849251+00"
"zhaowu-audio","background/uploads/2026-09-09/16bf293f-bf59-4b79-b4ce-92b67f6d534d.m4a","3869936","audio/mp4","2026-09-09 12:22:46.87154+00","2026-09-09 12:22:46.87154+00"
"zhaowu-audio","background/uploads/2026-09-09/314a394b-0165-4c90-bc34-3adcbdc4139f.m4a","5332795","audio/mp4","2026-09-09 12:21:04.593708+00","2026-09-09 12:21:04.593708+00"
"zhaowu-audio","background/uploads/2026-09-09/4230a8cd-8a8f-4d25-9728-395a7075f175.m4a","1709078","audio/mp4","2026-09-09 12:20:27.742287+00","2026-09-09 12:20:27.742287+00"
"zhaowu-audio","background/uploads/2026-09-09/63c4d27d-17de-4f4e-a87c-57c8ab9ad0f1.mp3","3983376","audio/mpeg","2026-09-09 12:19:29.251672+00","2026-09-09 12:19:29.251672+00"
"zhaowu-audio","background/uploads/2026-09-09/6acbe6f2-10df-4427-a52c-17b6722edfcd.mp3","3983376","audio/mpeg","2026-09-09 12:19:58.151203+00","2026-09-09 12:19:58.151203+00"
"zhaowu-audio","background/uploads/2026-09-09/a40339fa-ab11-4c53-bda8-6098899cf50a.mp3","4212209","audio/mpeg","2026-09-09 12:19:19.683082+00","2026-09-09 12:19:19.683082+00"
"zhaowu-audio","background/uploads/2026-09-09/d5325bb8-bdbc-4761-ab2b-7437cc2e0dec.m4a","4385394","audio/mp4","2026-09-09 12:20:41.253403+00","2026-09-09 12:20:41.253403+00"
"zhaowu-backgrounds","2026-08-26/00cbe6c1-b437-41fc-b15d-aadeea3f98e2.jpeg","111306","image/jpeg","2026-08-26 20:36:46.380917+00","2026-08-26 20:36:46.380917+00"
"zhaowu-backgrounds","2026-08-26/01c3277d-a0dc-48c8-b98d-8fbb9f702e48.png","3634211","image/png","2026-08-26 20:48:15.250697+00","2026-08-26 20:48:15.250697+00"
"zhaowu-backgrounds","2026-08-26/01c60a2c-6488-4aa3-a610-8441742f071b.jpeg","532211","image/jpeg","2026-08-26 20:49:06.947645+00","2026-08-26 20:49:06.947645+00"
"zhaowu-backgrounds","2026-08-26/02d52c7f-331e-4bf9-9bcd-a57f823071c1.png","3960641","image/png","2026-08-26 20:49:26.937925+00","2026-08-26 20:49:26.937925+00"
"zhaowu-backgrounds","2026-08-26/04bfcb7d-1537-4086-995a-4f7a3816bb88.png","3990509","image/png","2026-08-26 20:43:01.360143+00","2026-08-26 20:43:01.360143+00"
"zhaowu-backgrounds","2026-08-26/0565d105-dd6e-4b5e-9d24-4da0ab1da7fc.png","3221696","image/png","2026-08-26 20:47:50.168983+00","2026-08-26 20:47:50.168983+00"
"zhaowu-backgrounds","2026-08-26/05a8de50-856c-4326-914e-e243416e0acf.png","3561061","image/png","2026-08-26 20:43:06.852194+00","2026-08-26 20:43:06.852194+00"
"zhaowu-backgrounds","2026-08-26/05f6d81f-0c80-4172-a7fc-c72342b9d9de.jpeg","147335","image/jpeg","2026-08-26 20:01:28.243829+00","2026-08-26 20:01:28.243829+00"
"zhaowu-backgrounds","2026-08-26/085912d0-2474-46ac-a13e-8d39da981e6f.png","3782507","image/png","2026-08-26 20:38:19.742279+00","2026-08-26 20:38:19.742279+00"
"zhaowu-backgrounds","2026-08-26/08d1c69d-d0f6-46a7-8ff3-9d593045c568.jpeg","2714690","image/jpeg","2026-08-26 20:38:45.991288+00","2026-08-26 20:38:45.991288+00"
"zhaowu-backgrounds","2026-08-26/0a2ca3b4-bd4a-428c-8ab1-d81c1f4c1ae7.png","2641478","image/png","2026-08-26 20:48:08.792419+00","2026-08-26 20:48:08.792419+00"
"zhaowu-backgrounds","2026-08-26/0ac96d0a-a5cf-4aca-91e0-eb04a122eb0e.png","3211446","image/png","2026-08-26 20:38:08.337982+00","2026-08-26 20:38:08.337982+00"
"zhaowu-backgrounds","2026-08-26/0ca1b6c2-2f7f-4f34-97b9-059bbbccca02.png","3145880","image/png","2026-08-26 20:38:29.8741+00","2026-08-26 20:38:29.8741+00"
"zhaowu-backgrounds","2026-08-26/0e15fab8-ff06-4025-8958-70a4d9f95fdb.png","4010682","image/png","2026-08-26 20:49:20.923644+00","2026-08-26 20:49:20.923644+00"
"zhaowu-backgrounds","2026-08-26/0f38784a-6389-4234-a7b9-d04f973317ba.png","3877170","image/png","2026-08-26 20:37:22.097043+00","2026-08-26 20:37:22.097043+00"
"zhaowu-backgrounds","2026-08-26/0f8d56ea-ae1b-485f-b53e-8fbb1a521668.png","3039204","image/png","2026-08-26 20:37:41.681734+00","2026-08-26 20:37:41.681734+00"
"zhaowu-backgrounds","2026-08-26/0fbce63d-6de5-467e-b069-393bc2dbe66d.jpeg","717809","image/jpeg","2026-08-26 20:47:02.455797+00","2026-08-26 20:47:02.455797+00"
"zhaowu-backgrounds","2026-08-26/0fd237ee-46b3-4a89-b098-f07145eb37e8.jpeg","388527","image/jpeg","2026-08-26 20:36:58.736541+00","2026-08-26 20:36:58.736541+00"
"zhaowu-backgrounds","2026-08-26/0ff03b1f-0f45-4732-b4ba-15c348c19c7a.png","3258567","image/png","2026-08-26 20:43:31.252354+00","2026-08-26 20:43:31.252354+00"
"zhaowu-backgrounds","2026-08-26/1228fafe-66e3-4255-bc86-79c8a431c65c.jpeg","481200","image/jpeg","2026-08-26 20:46:41.015971+00","2026-08-26 20:46:41.015971+00"
"zhaowu-backgrounds","2026-08-26/12cfaf47-dc73-48fc-a55c-2fa69dcd1cbf.jpeg","387813","image/jpeg","2026-08-26 20:37:00.9695+00","2026-08-26 20:37:00.9695+00"
"zhaowu-backgrounds","2026-08-26/131df541-ef0b-4411-94af-62df353cfe5e.png","3891105","image/png","2026-08-26 20:49:29.944494+00","2026-08-26 20:49:29.944494+00"
"zhaowu-backgrounds","2026-08-26/13619b74-552e-44db-87d4-b34bc61863c9.jpeg","442080","image/jpeg","2026-08-26 20:37:05.686393+00","2026-08-26 20:37:05.686393+00"
"zhaowu-backgrounds","2026-08-26/139635a0-586a-494b-b93c-5e6837322b95.png","3596450","image/png","2026-08-26 20:00:57.886977+00","2026-08-26 20:00:57.886977+00"
"zhaowu-backgrounds","2026-08-26/14526d60-4460-4a21-b187-a11d4a4b01bf.png","3573855","image/png","2026-08-26 20:01:44.844364+00","2026-08-26 20:01:44.844364+00"
"zhaowu-backgrounds","2026-08-26/1457a068-5060-4899-a9f7-e7753cf1081e.png","3871005","image/png","2026-08-26 20:49:10.483783+00","2026-08-26 20:49:10.483783+00"
"zhaowu-backgrounds","2026-08-26/15718136-cd48-41fa-8890-6c598baf9825.png","4376003","image/png","2026-08-26 20:47:21.078695+00","2026-08-26 20:47:21.078695+00"
"zhaowu-backgrounds","2026-08-26/1574acd8-b675-41ca-a6b8-f8ca123e326c.png","4425787","image/png","2026-08-26 20:47:39.332583+00","2026-08-26 20:47:39.332583+00"
"zhaowu-backgrounds","2026-08-26/15996afa-1582-45a3-9676-ce0ec5df709e.png","3307970","image/png","2026-08-26 20:37:39.307048+00","2026-08-26 20:37:39.307048+00"
"zhaowu-backgrounds","2026-08-26/16fcbf5e-8fe2-4075-aab8-c71f73c6ab4f.png","3953156","image/png","2026-08-26 20:37:28.26994+00","2026-08-26 20:37:28.26994+00"
"zhaowu-backgrounds","2026-08-26/179e2262-42dc-4693-8e43-bbd2962c0308.png","3554719","image/png","2026-08-26 20:42:55.42338+00","2026-08-26 20:42:55.42338+00"
"zhaowu-backgrounds","2026-08-26/1a78ab2d-829a-4b78-a3d1-f61a9216d7a5.jpeg","512718","image/jpeg","2026-08-26 20:46:57.051903+00","2026-08-26 20:46:57.051903+00"
"zhaowu-backgrounds","2026-08-26/1ae4e949-932d-431e-9f2b-ea2f3c80114c.jpeg","258476","image/jpeg","2026-08-26 20:46:52.710413+00","2026-08-26 20:46:52.710413+00"
"zhaowu-backgrounds","2026-08-26/1c1b9253-aa97-4c3e-84b1-f86133e6273d.png","3954995","image/png","2026-08-26 20:37:31.331109+00","2026-08-26 20:37:31.331109+00"
"zhaowu-backgrounds","2026-08-26/1d44902e-f3d8-4e46-a89f-73604aeb7cf7.png","3809870","image/png","2026-08-26 20:43:59.250346+00","2026-08-26 20:43:59.250346+00"
"zhaowu-backgrounds","2026-08-26/1fb0a7b6-1c7e-4684-9ece-93451fb88240.png","925326","image/png","2026-08-26 20:42:39.136513+00","2026-08-26 20:42:39.136513+00"
"zhaowu-backgrounds","2026-08-26/202f4f34-20d2-419e-932f-4f0bdc11f6a6.jpeg","444836","image/jpeg","2026-08-26 20:46:43.533812+00","2026-08-26 20:46:43.533812+00"
"zhaowu-backgrounds","2026-08-26/2158c65f-ba22-444a-82ea-012adc3d38ae.png","1359083","image/png","2026-08-26 20:42:22.16594+00","2026-08-26 20:42:22.16594+00"
"zhaowu-backgrounds","2026-08-26/227646ba-e93c-44fb-93fb-78d6f1583339.png","1473486","image/png","2026-08-26 20:42:12.06422+00","2026-08-26 20:42:12.06422+00"
"zhaowu-backgrounds","2026-08-26/228ff218-56dc-4b94-b320-5ec71462ed74.png","3456368","image/png","2026-08-26 20:44:19.247367+00","2026-08-26 20:44:19.247367+00"
"zhaowu-backgrounds","2026-08-26/25e6e8e5-62fe-4920-a69e-7b8d7fd182ac.png","1007451","image/png","2026-08-26 20:42:23.546561+00","2026-08-26 20:42:23.546561+00"
"zhaowu-backgrounds","2026-08-26/25ff9c67-735c-4e57-acd2-873852831645.png","1396282","image/png","2026-08-26 20:42:28.832301+00","2026-08-26 20:42:28.832301+00"
"zhaowu-backgrounds","2026-08-26/27441872-11d8-4774-9a4d-bf78643bf2bf.png","1447558","image/png","2026-08-26 20:42:20.499425+00","2026-08-26 20:42:20.499425+00"
"zhaowu-backgrounds","2026-08-26/291189f6-1a72-4dac-bf15-541cfc2ce72a.png","3959095","image/png","2026-08-26 20:48:59.680351+00","2026-08-26 20:48:59.680351+00"
"zhaowu-backgrounds","2026-08-26/2a1c4645-b64f-4c22-b0d0-6845cac1f8b9.png","1355911","image/png","2026-08-26 20:42:26.339691+00","2026-08-26 20:42:26.339691+00"
"zhaowu-backgrounds","2026-08-26/2a3cdda0-1db7-4776-8bb7-95a926f1d2f6.png","3158249","image/png","2026-08-26 20:47:47.540971+00","2026-08-26 20:47:47.540971+00"
"zhaowu-backgrounds","2026-08-26/2a8c0a35-13bb-40df-80c6-cde2186796b7.jpeg","406204","image/jpeg","2026-08-26 20:48:03.228347+00","2026-08-26 20:48:03.228347+00"
"zhaowu-backgrounds","2026-08-26/2c63fda6-e245-44fe-8c33-49300f2f8d35.png","3219646","image/png","2026-08-26 20:38:22.513585+00","2026-08-26 20:38:22.513585+00"
"zhaowu-backgrounds","2026-08-26/2c648bbc-89f0-4f01-a2c4-a12fe232b2e3.png","3505215","image/png","2026-08-26 20:01:16.672265+00","2026-08-26 20:01:16.672265+00"
"zhaowu-backgrounds","2026-08-26/2cca699e-8738-43a6-9041-977243f2c45a.png","2234194","image/png","2026-08-26 20:00:14.622915+00","2026-08-26 20:00:14.622915+00"
"zhaowu-backgrounds","2026-08-26/2d4df8c4-d81f-429f-8bd7-6e82f11aa4d2.png","3954543","image/png","2026-08-26 20:49:13.644438+00","2026-08-26 20:49:13.644438+00"
"zhaowu-backgrounds","2026-08-26/2d5b8ab7-527c-462a-9fa0-0505620e7f94.png","2396620","image/png","2026-08-26 19:57:46.818948+00","2026-08-26 19:57:46.818948+00"
"zhaowu-backgrounds","2026-08-26/2d61119b-5382-47ca-9da2-c748e2b60dfe.jpeg","105191","image/jpeg","2026-08-26 20:36:45.245159+00","2026-08-26 20:36:45.245159+00"
"zhaowu-backgrounds","2026-08-26/2ee4428f-f393-4de2-b2b0-b4cebafc77b5.jpeg","327655","image/jpeg","2026-08-26 20:46:53.737875+00","2026-08-26 20:46:53.737875+00"
"zhaowu-backgrounds","2026-08-26/2f68c2f9-1faf-40e3-8c26-92345e9067bb.png","4252923","image/png","2026-08-26 20:47:25.13139+00","2026-08-26 20:47:25.13139+00"
"zhaowu-backgrounds","2026-08-26/2fe86fb9-52f1-42b6-ba54-f576e5d1f9ed.png","3298738","image/png","2026-08-26 20:38:10.972851+00","2026-08-26 20:38:10.972851+00"
"zhaowu-backgrounds","2026-08-26/309c60aa-06d3-40cc-9714-8abc485dae22.png","3809650","image/png","2026-08-26 20:00:45.524646+00","2026-08-26 20:00:45.524646+00"
"zhaowu-backgrounds","2026-08-26/321e6907-88fb-4569-8a24-ebc95d5d27da.png","3608666","image/png","2026-08-26 20:43:13.806963+00","2026-08-26 20:43:13.806963+00"
"zhaowu-backgrounds","2026-08-26/339f5af6-2550-465d-b4f0-f76268120261.jpeg","1288791","image/jpeg","2026-08-26 20:38:47.591197+00","2026-08-26 20:38:47.591197+00"
"zhaowu-backgrounds","2026-08-26/347a50da-817a-47bb-a469-50f02f625eaa.jpeg","388530","image/jpeg","2026-08-26 20:37:14.658355+00","2026-08-26 20:37:14.658355+00"
"zhaowu-backgrounds","2026-08-26/35133f00-ebb8-4335-b02d-3789c7d09c4e.png","3006807","image/png","2026-08-26 20:37:33.994278+00","2026-08-26 20:37:33.994278+00"
"zhaowu-backgrounds","2026-08-26/3583dd3a-a3a5-454f-a357-d01fe8af98e6.png","4008659","image/png","2026-08-26 20:49:16.550306+00","2026-08-26 20:49:16.550306+00"
"zhaowu-backgrounds","2026-08-26/3639b609-e729-4d89-8742-f0b247ef2329.jpeg","405756","image/jpeg","2026-08-26 20:41:39.384539+00","2026-08-26 20:41:39.384539+00"
"zhaowu-backgrounds","2026-08-26/39864bb9-921a-49c4-ad6a-5e17f2ef1153.png","2949352","image/png","2026-08-26 20:48:38.65844+00","2026-08-26 20:48:38.65844+00"
"zhaowu-backgrounds","2026-08-26/39d02a80-1807-489c-90c0-3e08c6c7bc09.png","1357157","image/png","2026-08-26 20:42:34.108217+00","2026-08-26 20:42:34.108217+00"
"zhaowu-backgrounds","2026-08-26/3bdab347-cc34-48b0-ab4a-2ce2795fca74.png","889328","image/png","2026-08-26 20:42:00.514603+00","2026-08-26 20:42:00.514603+00"
"zhaowu-backgrounds","2026-08-26/3e4cd23e-71ba-437a-8281-511855c309ff.png","1255816","image/png","2026-08-26 20:42:05.115889+00","2026-08-26 20:42:05.115889+00"
"zhaowu-backgrounds","2026-08-26/3ea6a32f-e816-418a-8864-61bbb79c6805.png","3890302","image/png","2026-08-26 18:43:00.754751+00","2026-08-26 18:43:00.754751+00"
"zhaowu-backgrounds","2026-08-26/3fc81755-2463-4f3e-96e5-0c83f59fab33.png","3514703","image/png","2026-08-26 20:43:10.695234+00","2026-08-26 20:43:10.695234+00"
"zhaowu-backgrounds","2026-08-26/4029bf3d-53f3-4b05-9395-11f1322cbb58.jpeg","333303","image/jpeg","2026-08-26 20:41:24.989856+00","2026-08-26 20:41:24.989856+00"
"zhaowu-backgrounds","2026-08-26/428c064a-a8db-4bba-9f21-50e5b0f06844.png","1140898","image/png","2026-08-26 20:41:59.198505+00","2026-08-26 20:41:59.198505+00"
"zhaowu-backgrounds","2026-08-26/42c9caf4-cde1-45f7-9acb-b48f26039a07.jpeg","144994","image/jpeg","2026-08-26 20:46:33.707532+00","2026-08-26 20:46:33.707532+00"
"zhaowu-backgrounds","2026-08-26/43355e4e-5d0d-4074-aac5-eb95fd931344.jpeg","594488","image/jpeg","2026-08-26 20:38:38.802968+00","2026-08-26 20:38:38.802968+00"
"zhaowu-backgrounds","2026-08-26/442f7c63-0e7a-4676-8f1a-3f13eac23d68.jpeg","399613","image/jpeg","2026-08-26 20:37:06.840643+00","2026-08-26 20:37:06.840643+00"
"zhaowu-backgrounds","2026-08-26/4442a661-6a26-45b2-84fe-bc4e4bcd164a.jpeg","509136","image/jpeg","2026-08-26 20:37:09.329991+00","2026-08-26 20:37:09.329991+00"
"zhaowu-backgrounds","2026-08-26/457ed230-07a7-44b8-a7b1-c0a7e968a3f2.png","2080255","image/png","2026-08-26 19:59:59.615591+00","2026-08-26 19:59:59.615591+00"
"zhaowu-backgrounds","2026-08-26/469154aa-3990-489a-acff-4b5ae214b582.png","3248596","image/png","2026-08-26 20:44:10.03119+00","2026-08-26 20:44:10.03119+00"
"zhaowu-backgrounds","2026-08-26/4707f6d6-2cd7-467e-94b6-a187efbc9042.png","1153570","image/png","2026-08-26 20:00:05.395287+00","2026-08-26 20:00:05.395287+00"
"zhaowu-backgrounds","2026-08-26/481323ba-78cf-47df-b3ce-a72207fb8f12.jpeg","421985","image/jpeg","2026-08-26 20:46:51.737523+00","2026-08-26 20:46:51.737523+00"
"zhaowu-backgrounds","2026-08-26/4905440f-2722-4c0d-8512-77d7f5fd7969.png","4087708","image/png","2026-08-26 20:47:11.461253+00","2026-08-26 20:47:11.461253+00"
"zhaowu-backgrounds","2026-08-26/495abf79-5eed-41fa-9cd3-3be40d37238c.png","1420177","image/png","2026-08-26 20:42:35.910475+00","2026-08-26 20:42:35.910475+00"
"zhaowu-backgrounds","2026-08-26/4985331a-0b86-4243-9f57-150f9680fb3c.jpeg","545717","image/jpeg","2026-08-26 20:49:04.315924+00","2026-08-26 20:49:04.315924+00"
"zhaowu-backgrounds","2026-08-26/4c7cae6f-ccc3-4845-90a4-133a23924b53.png","3758103","image/png","2026-08-26 18:43:20.441418+00","2026-08-26 18:43:20.441418+00"
"zhaowu-backgrounds","2026-08-26/4ce9786b-61a6-4314-a244-5938d1c2b227.png","3310089","image/png","2026-08-26 20:38:16.655119+00","2026-08-26 20:38:16.655119+00"
"zhaowu-backgrounds","2026-08-26/4d39b08d-5030-4f71-b71e-44ae3b790cb4.jpeg","271606","image/jpeg","2026-08-26 20:46:54.753457+00","2026-08-26 20:46:54.753457+00"
"zhaowu-backgrounds","2026-08-26/4fa30112-b112-4bd4-a244-b3f9a8dd688a.jpeg","102962","image/jpeg","2026-08-26 20:36:54.920188+00","2026-08-26 20:36:54.920188+00"
"zhaowu-backgrounds","2026-08-26/50bdc923-3500-4ac8-be00-01da361ab147.png","3584727","image/png","2026-08-26 20:48:24.860706+00","2026-08-26 20:48:24.860706+00"
"zhaowu-backgrounds","2026-08-26/5424856c-8220-42cd-8ed1-c2676a97af3a.jpeg","819337","image/jpeg","2026-08-26 20:46:50.693873+00","2026-08-26 20:46:50.693873+00"
"zhaowu-backgrounds","2026-08-26/54620060-c887-41be-8bf9-880494750b5d.png","3997508","image/png","2026-08-26 20:49:39.290717+00","2026-08-26 20:49:39.290717+00"
"zhaowu-backgrounds","2026-08-26/55105ef5-e6b4-4cc8-9236-482e8548b1a3.jpeg","175529","image/jpeg","2026-08-26 20:36:47.484813+00","2026-08-26 20:36:47.484813+00"
"zhaowu-backgrounds","2026-08-26/55be0cc1-dfe5-4319-a24f-8ced5296f5d7.jpeg","238550","image/jpeg","2026-08-26 20:37:15.639135+00","2026-08-26 20:37:15.639135+00"
"zhaowu-backgrounds","2026-08-26/55e45530-bd2d-46ed-ac5c-4b7537fd7bfd.png","1036907","image/png","2026-08-26 20:42:08.130937+00","2026-08-26 20:42:08.130937+00"
"zhaowu-backgrounds","2026-08-26/55f1241b-9da4-4ee9-86ac-be8a7272913f.jpeg","372659","image/jpeg","2026-08-26 20:46:45.905715+00","2026-08-26 20:46:45.905715+00"
"zhaowu-backgrounds","2026-08-26/5972bc7e-5162-43ec-9cf2-cac8cb1d4b3f.png","3670746","image/png","2026-08-26 19:59:49.199382+00","2026-08-26 19:59:49.199382+00"
"zhaowu-backgrounds","2026-08-26/5a18e5f7-fb55-48e5-9930-4af432e86263.png","3540645","image/png","2026-08-26 20:00:22.856084+00","2026-08-26 20:00:22.856084+00"
"zhaowu-backgrounds","2026-08-26/5bd16e88-4467-4d8a-92d1-d79c47a8d43b.png","3145912","image/png","2026-08-26 20:47:52.720109+00","2026-08-26 20:47:52.720109+00"
"zhaowu-backgrounds","2026-08-26/5cd10af8-d480-40ff-b9fa-a7cac81cbba7.png","953201","image/png","2026-08-26 20:42:01.914489+00","2026-08-26 20:42:01.914489+00"
"zhaowu-backgrounds","2026-08-26/5cef4aea-e518-4065-b572-8b23e39c916b.png","4296362","image/png","2026-08-26 20:49:36.269694+00","2026-08-26 20:49:36.269694+00"
"zhaowu-backgrounds","2026-08-26/5d22f32c-a40c-4abc-9203-044e9f868316.jpeg","421614","image/jpeg","2026-08-26 20:36:57.724406+00","2026-08-26 20:36:57.724406+00"
"zhaowu-backgrounds","2026-08-26/5db1b751-bc2e-42ad-9d0f-9b44bc6000a7.png","3248523","image/png","2026-08-26 20:42:52.342197+00","2026-08-26 20:42:52.342197+00"
"zhaowu-backgrounds","2026-08-26/5e8fa605-e23b-4641-9c84-b85c0f4b6770.png","1385554","image/png","2026-08-26 20:42:17.231241+00","2026-08-26 20:42:17.231241+00"
"zhaowu-backgrounds","2026-08-26/5f369086-087c-4079-aa94-477d446c2e4e.png","3990710","image/png","2026-08-26 20:48:41.709539+00","2026-08-26 20:48:41.709539+00"
"zhaowu-backgrounds","2026-08-26/63907ee8-c80e-4c45-821b-a89b1f89e565.png","3926169","image/png","2026-08-26 20:01:27.337455+00","2026-08-26 20:01:27.337455+00"
"zhaowu-backgrounds","2026-08-26/63a19b3a-b838-406a-8ef4-01aa058b7f59.png","3837114","image/png","2026-08-26 20:48:47.807093+00","2026-08-26 20:48:47.807093+00"
"zhaowu-backgrounds","2026-08-26/6540c831-c277-4f9a-a6e9-dbe2a9382824.png","1563412","image/png","2026-08-26 20:00:08.507146+00","2026-08-26 20:00:08.507146+00"
"zhaowu-backgrounds","2026-08-26/65c86db4-0fc7-403a-8472-ddd629352c41.png","3651096","image/png","2026-08-26 20:00:26.607205+00","2026-08-26 20:00:26.607205+00"
"zhaowu-backgrounds","2026-08-26/663b7818-3183-4bde-a986-068e18548d39.jpeg","474592","image/jpeg","2026-08-26 20:41:34.691771+00","2026-08-26 20:41:34.691771+00"
"zhaowu-backgrounds","2026-08-26/66fc9af2-36dc-43fc-b7bb-674357f3ba63.png","3970199","image/png","2026-08-26 20:37:25.343528+00","2026-08-26 20:37:25.343528+00"
"zhaowu-backgrounds","2026-08-26/687c31d9-87df-4340-a23e-f932bf5cf656.png","3963278","image/png","2026-08-26 20:37:45.283415+00","2026-08-26 20:37:45.283415+00"
"zhaowu-backgrounds","2026-08-26/688b25fd-9b98-4b7c-b61d-71f0f0b420d5.jpeg","550646","image/jpeg","2026-08-26 20:49:02.028698+00","2026-08-26 20:49:02.028698+00"
"zhaowu-backgrounds","2026-08-26/690559e9-7e1e-4abf-b37a-40b82356132c.png","4088862","image/png","2026-08-26 20:47:14.463709+00","2026-08-26 20:47:14.463709+00"
"zhaowu-backgrounds","2026-08-26/6942762d-578e-42d4-881c-0cb684dc265c.png","3432736","image/png","2026-08-26 20:48:30.880107+00","2026-08-26 20:48:30.880107+00"
"zhaowu-backgrounds","2026-08-26/69488f50-1281-4496-9117-5e5a2fabc145.png","1272620","image/png","2026-08-26 20:42:15.330554+00","2026-08-26 20:42:15.330554+00"
"zhaowu-backgrounds","2026-08-26/6a11d4aa-b73a-4979-a677-f9096f1c5a35.png","1417977","image/png","2026-08-26 20:42:06.721094+00","2026-08-26 20:42:06.721094+00"
"zhaowu-backgrounds","2026-08-26/6b20b3c4-9ca0-4d3c-8b0b-bc8c166b88a5.jpeg","585693","image/jpeg","2026-08-26 20:49:00.866171+00","2026-08-26 20:49:00.866171+00"
"zhaowu-backgrounds","2026-08-26/6bcd06fb-e0a1-47c1-b2e0-c8b1cc0ddd06.png","3311026","image/png","2026-08-26 20:37:50.591853+00","2026-08-26 20:37:50.591853+00"
"zhaowu-backgrounds","2026-08-26/6cbf2b4d-4713-4341-876c-45bd22db8bf1.png","3003824","image/png","2026-08-26 20:48:44.331393+00","2026-08-26 20:48:44.331393+00"
"zhaowu-backgrounds","2026-08-26/6d1ff096-c9ab-4f13-8a3c-6eb76c1dc741.jpeg","413719","image/jpeg","2026-08-26 20:37:03.473791+00","2026-08-26 20:37:03.473791+00"
"zhaowu-backgrounds","2026-08-26/6e73e663-fd55-4dbe-b06b-94711da42f90.jpeg","522358","image/jpeg","2026-08-26 20:37:08.257889+00","2026-08-26 20:37:08.257889+00"
"zhaowu-backgrounds","2026-08-26/6f54a266-9f09-4401-bd89-3063b7b2028b.jpeg","375256","image/jpeg","2026-08-26 20:37:18.893903+00","2026-08-26 20:37:18.893903+00"
"zhaowu-backgrounds","2026-08-26/6f8f205e-4ca8-4533-bc15-c22005a0b077.png","608192","image/png","2026-08-26 20:42:10.507294+00","2026-08-26 20:42:10.507294+00"
"zhaowu-backgrounds","2026-08-26/6ffa6c8a-cb0a-4ff2-a42e-e81187a3b544.png","3633083","image/png","2026-08-26 20:43:25.609863+00","2026-08-26 20:43:25.609863+00"
"zhaowu-backgrounds","2026-08-26/714debc4-16b9-4737-a536-89bb68c065b4.png","3744502","image/png","2026-08-26 20:38:13.876618+00","2026-08-26 20:38:13.876618+00"
"zhaowu-backgrounds","2026-08-26/720b5dbf-c53a-4c9a-9f33-c6af8c8fa271.png","3247435","image/png","2026-08-26 20:44:28.908477+00","2026-08-26 20:44:28.908477+00"
"zhaowu-backgrounds","2026-08-26/72ff662a-06da-43dc-b36e-5296566d2955.png","1772433","image/png","2026-08-26 20:00:01.525109+00","2026-08-26 20:00:01.525109+00"
"zhaowu-backgrounds","2026-08-26/7373e35a-0ce9-433b-91ce-803dfcf8f5fe.jpeg","424653","image/jpeg","2026-08-26 20:36:59.907388+00","2026-08-26 20:36:59.907388+00"
"zhaowu-backgrounds","2026-08-26/74d1cc6d-e58b-408b-bfd1-750c7433c947.jpeg","486641","image/jpeg","2026-08-26 20:41:29.625813+00","2026-08-26 20:41:29.625813+00"
"zhaowu-backgrounds","2026-08-26/77ff956a-4e90-4719-a348-13344a3cb79b.png","1030414","image/png","2026-08-26 20:41:56.269577+00","2026-08-26 20:41:56.269577+00"
"zhaowu-backgrounds","2026-08-26/782562ae-acdc-4b2d-b89a-22e1b4471c09.jpeg","724025","image/jpeg","2026-08-26 20:46:59.47033+00","2026-08-26 20:46:59.47033+00"
"zhaowu-backgrounds","2026-08-26/78367eed-54b1-4f0d-9cbe-5fe5a1e44671.png","3890302","image/png","2026-08-26 19:59:45.776815+00","2026-08-26 19:59:45.776815+00"
"zhaowu-backgrounds","2026-08-26/784fd616-fafa-4905-9b16-0e061ffa8817.jpeg","492947","image/jpeg","2026-08-26 20:37:11.470965+00","2026-08-26 20:37:11.470965+00"
"zhaowu-backgrounds","2026-08-26/79110088-5837-4af1-aa38-691f65aaa6f1.jpeg","275462","image/jpeg","2026-08-26 20:47:04.796036+00","2026-08-26 20:47:04.796036+00"
"zhaowu-backgrounds","2026-08-26/7b21fc48-aa13-41b6-a33d-52f937ae5e89.png","3863552","image/png","2026-08-26 20:49:23.887821+00","2026-08-26 20:49:23.887821+00"
"zhaowu-backgrounds","2026-08-26/7bc3da7f-df20-426f-817b-a77f44515c8f.jpeg","387522","image/jpeg","2026-08-26 20:41:40.477867+00","2026-08-26 20:41:40.477867+00"
"zhaowu-backgrounds","2026-08-26/7bd0b0b9-ecaa-4c87-b694-2a0fd705a083.png","1470698","image/png","2026-08-26 20:42:03.575154+00","2026-08-26 20:42:03.575154+00"
"zhaowu-backgrounds","2026-08-26/7d6d609c-2066-4b55-b0a1-5887761e5ef0.png","3047718","image/png","2026-08-26 20:49:54.464386+00","2026-08-26 20:49:54.464386+00"
"zhaowu-backgrounds","2026-08-26/7f65b779-d355-4f63-9433-2488a94181c1.png","3169477","image/png","2026-08-26 20:01:41.978704+00","2026-08-26 20:01:41.978704+00"
"zhaowu-backgrounds","2026-08-26/80213f5a-60e6-4d6f-b5d2-9d59b2546034.png","3554532","image/png","2026-08-26 20:01:07.175115+00","2026-08-26 20:01:07.175115+00"
"zhaowu-backgrounds","2026-08-26/8204e8f3-25e2-413c-9b39-897d89c49f4f.png","3703656","image/png","2026-08-26 20:47:55.516161+00","2026-08-26 20:47:55.516161+00"
"zhaowu-backgrounds","2026-08-26/83210ef1-dece-40da-9bdc-1b50eaf19d56.jpeg","562049","image/jpeg","2026-08-26 20:46:55.894341+00","2026-08-26 20:46:55.894341+00"
"zhaowu-backgrounds","2026-08-26/8350db01-ee86-4457-bc01-a064b67c2cb1.jpeg","318432","image/jpeg","2026-08-26 20:37:04.573283+00","2026-08-26 20:37:04.573283+00"
"zhaowu-backgrounds","2026-08-26/838b3bdc-685c-4e5d-b36b-a038e94ebd07.jpeg","2901748","image/jpeg","2026-08-26 20:48:06.625794+00","2026-08-26 20:48:06.625794+00"
"zhaowu-backgrounds","2026-08-26/857e41e8-96f8-4d0f-ae9b-0b476e92e15e.png","3447647","image/png","2026-08-26 20:47:44.987862+00","2026-08-26 20:47:44.987862+00"
"zhaowu-backgrounds","2026-08-26/87697f67-075a-4d6d-a554-4af2ef2ab004.png","3796708","image/png","2026-08-26 20:01:38.914768+00","2026-08-26 20:01:38.914768+00"
"zhaowu-backgrounds","2026-08-26/8a470466-05d9-402d-b3b6-13e5b74a8532.jpeg","605836","image/jpeg","2026-08-26 20:49:59.303743+00","2026-08-26 20:49:59.303743+00"
"zhaowu-backgrounds","2026-08-26/8a5ef59d-8651-466a-bb2e-42e3cbb12371.png","3382829","image/png","2026-08-26 20:44:22.204737+00","2026-08-26 20:44:22.204737+00"
"zhaowu-backgrounds","2026-08-26/8c0be75c-5642-4d21-a947-218879b81cc6.png","3519677","image/png","2026-08-26 20:43:19.729022+00","2026-08-26 20:43:19.729022+00"
"zhaowu-backgrounds","2026-08-26/8cdd08dd-7c71-40b1-8ee9-917a4e246a24.png","3849661","image/png","2026-08-26 20:48:53.885234+00","2026-08-26 20:48:53.885234+00"
"zhaowu-backgrounds","2026-08-26/900301f9-784d-4f18-91b8-c1b5a3286156.png","2066409","image/png","2026-08-26 20:00:03.741629+00","2026-08-26 20:00:03.741629+00"
"zhaowu-backgrounds","2026-08-26/90700e7b-8e7e-43d8-870b-f2cef9cfcc2e.png","3687526","image/png","2026-08-26 20:48:33.81381+00","2026-08-26 20:48:33.81381+00"
"zhaowu-backgrounds","2026-08-26/90739a4e-01e4-49ce-8e7b-a7fb4e5604a2.jpeg","457917","image/jpeg","2026-08-26 20:41:32.019051+00","2026-08-26 20:41:32.019051+00"
"zhaowu-backgrounds","2026-08-26/9099cbf0-6d2d-4f12-9e87-3fc053c49d1e.png","4231735","image/png","2026-08-26 20:47:17.655822+00","2026-08-26 20:47:17.655822+00"
"zhaowu-backgrounds","2026-08-26/90dfe272-3546-4976-98c6-b3a2f86b127d.png","3850189","image/png","2026-08-26 20:48:50.820175+00","2026-08-26 20:48:50.820175+00"
"zhaowu-backgrounds","2026-08-26/916870e7-0747-41b7-9285-727ec2c5b225.jpeg","268055","image/jpeg","2026-08-26 20:41:30.767374+00","2026-08-26 20:41:30.767374+00"
"zhaowu-backgrounds","2026-08-26/9281b376-ac86-4bef-8cb4-9b9f5bde5a68.jpeg","478418","image/jpeg","2026-08-26 20:41:35.849518+00","2026-08-26 20:41:35.849518+00"
"zhaowu-backgrounds","2026-08-26/92ddc5ea-a65a-4a3b-ad09-73247810f538.jpeg","350146","image/jpeg","2026-08-26 20:41:27.662889+00","2026-08-26 20:41:27.662889+00"
"zhaowu-backgrounds","2026-08-26/9369c8cb-ae0f-4844-b727-52700831c05e.png","3439674","image/png","2026-08-26 20:48:19.312982+00","2026-08-26 20:48:19.312982+00"
"zhaowu-backgrounds","2026-08-26/94208158-4222-4759-a83b-b5a8348ef65b.jpeg","502223","image/jpeg","2026-08-26 20:49:05.846691+00","2026-08-26 20:49:05.846691+00"
"zhaowu-backgrounds","2026-08-26/9451c14e-1e83-4f73-a194-cfbbd157a3ae.png","1127427","image/png","2026-08-26 20:41:57.691055+00","2026-08-26 20:41:57.691055+00"
"zhaowu-backgrounds","2026-08-26/94c519c9-2936-4785-8ca7-bc3ee1664a19.jpeg","426598","image/jpeg","2026-08-26 20:46:44.721569+00","2026-08-26 20:46:44.721569+00"
"zhaowu-backgrounds","2026-08-26/9549ff79-95c0-4d3c-a3c7-cf5bc70d0587.png","3155005","image/png","2026-08-26 20:44:26.192282+00","2026-08-26 20:44:26.192282+00"
"zhaowu-backgrounds","2026-08-26/959496c8-275c-475f-b4b6-d3a58c1f63e3.png","882824","image/png","2026-08-26 20:42:09.426918+00","2026-08-26 20:42:09.426918+00"
"zhaowu-backgrounds","2026-08-26/99af3c5c-eaa1-4418-aef8-fbf1e18c66a0.png","3825074","image/png","2026-08-26 20:48:56.741832+00","2026-08-26 20:48:56.741832+00"
"zhaowu-backgrounds","2026-08-26/9a1118bd-bdbc-493d-b36d-aea80964f6d6.png","4297939","image/png","2026-08-26 20:49:52.028504+00","2026-08-26 20:49:52.028504+00"
"zhaowu-backgrounds","2026-08-26/9a675efa-f7e1-4e3d-997e-94d1560b3a1e.jpeg","2009123","image/jpeg","2026-08-26 20:48:00.051694+00","2026-08-26 20:48:00.051694+00"
"zhaowu-backgrounds","2026-08-26/9ac4f1d3-154b-489e-8650-4acd10008ac2.png","3231839","image/png","2026-08-26 20:00:55.195332+00","2026-08-26 20:00:55.195332+00"
"zhaowu-backgrounds","2026-08-26/9ad3d26f-4b06-4e6b-952e-5b5d48858555.png","3296605","image/png","2026-08-26 20:47:58.163628+00","2026-08-26 20:47:58.163628+00"
"zhaowu-backgrounds","2026-08-26/9b265175-deee-4300-817a-e6b2391a2d08.png","3348942","image/png","2026-08-26 20:01:10.714321+00","2026-08-26 20:01:10.714321+00"
"zhaowu-backgrounds","2026-08-26/9b7ef05b-776e-4ce4-a126-09a9509eb7f7.png","3778915","image/png","2026-08-26 20:37:59.678944+00","2026-08-26 20:37:59.678944+00"
"zhaowu-backgrounds","2026-08-26/9bf6617f-1b38-409e-aa74-002d008d6e2d.jpeg","360898","image/jpeg","2026-08-26 20:46:48.238304+00","2026-08-26 20:46:48.238304+00"
"zhaowu-backgrounds","2026-08-26/9ec5a592-6a44-4914-b6f5-e1d540cb291e.jpeg","538131","image/jpeg","2026-08-26 20:38:26.945768+00","2026-08-26 20:38:26.945768+00"
"zhaowu-backgrounds","2026-08-26/9f2d1e22-10c0-47bf-85f1-e5c971922290.jpeg","364403","image/jpeg","2026-08-26 20:46:49.269218+00","2026-08-26 20:46:49.269218+00"
"zhaowu-backgrounds","2026-08-26/a1605073-4441-4cc0-b814-354a1c75a109.png","3118036","image/png","2026-08-26 20:42:43.665569+00","2026-08-26 20:42:43.665569+00"
"zhaowu-backgrounds","2026-08-26/a218d44a-cb90-4fea-ada7-068c50cf0e87.jpeg","305503","image/jpeg","2026-08-26 20:48:04.257628+00","2026-08-26 20:48:04.257628+00"
"zhaowu-backgrounds","2026-08-26/a2e52663-6e49-4d7f-a7ee-058e9fd9416a.png","1355498","image/png","2026-08-26 20:42:13.773208+00","2026-08-26 20:42:13.773208+00"
"zhaowu-backgrounds","2026-08-26/a35fdafb-ed00-4720-ab50-5cb4d8257407.png","3861423","image/png","2026-08-26 20:43:51.105172+00","2026-08-26 20:43:51.105172+00"
"zhaowu-backgrounds","2026-08-26/a389297d-bf28-4158-bc1d-eea0427d2674.png","3479122","image/png","2026-08-26 20:00:34.078202+00","2026-08-26 20:00:34.078202+00"
"zhaowu-backgrounds","2026-08-26/a3c58288-74c3-4ce8-ac0e-a78459161b61.png","3908159","image/png","2026-08-26 20:43:28.462022+00","2026-08-26 20:43:28.462022+00"
"zhaowu-backgrounds","2026-08-26/a50ae9ea-59d3-474d-beea-f2a20aa4e4ac.png","3071188","image/png","2026-08-26 19:57:56.277396+00","2026-08-26 19:57:56.277396+00"
"zhaowu-backgrounds","2026-08-26/a5aed445-49e7-46a0-920a-3c64b3351b51.png","1431735","image/png","2026-08-26 20:42:18.814156+00","2026-08-26 20:42:18.814156+00"
"zhaowu-backgrounds","2026-08-26/a5c5cacd-52b5-4dcd-895a-c089bc9116aa.png","3611620","image/png","2026-08-26 20:48:12.159646+00","2026-08-26 20:48:12.159646+00"
"zhaowu-backgrounds","2026-08-26/a68bbcdb-073c-42f0-8c78-d85fff7fccb1.jpeg","356137","image/jpeg","2026-08-26 20:41:41.783998+00","2026-08-26 20:41:41.783998+00"
"zhaowu-backgrounds","2026-08-26/a8017165-3cbb-4c43-a392-5f141efe0f0c.jpeg","182129","image/jpeg","2026-08-26 20:46:34.744109+00","2026-08-26 20:46:34.744109+00"
"zhaowu-backgrounds","2026-08-26/a93b3ce5-da39-4d3c-9668-ec52a61d4440.jpeg","387728","image/jpeg","2026-08-26 20:49:58.1678+00","2026-08-26 20:49:58.1678+00"
"zhaowu-backgrounds","2026-08-26/a99909a6-45e4-4722-aaba-e35690144834.png","4191224","image/png","2026-08-26 20:47:28.562439+00","2026-08-26 20:47:28.562439+00"
"zhaowu-backgrounds","2026-08-26/a99c8391-863d-4080-9b11-80794e6b0dba.png","3904176","image/png","2026-08-26 20:42:46.780671+00","2026-08-26 20:42:46.780671+00"
"zhaowu-backgrounds","2026-08-26/aa6ee345-ba52-49fe-86c2-818d0f6957ef.jpeg","315349","image/jpeg","2026-08-26 20:37:17.649749+00","2026-08-26 20:37:17.649749+00"
"zhaowu-backgrounds","2026-08-26/ab8af000-8cb2-4f67-a27b-716817a63e13.jpeg","412954","image/jpeg","2026-08-26 20:48:01.14381+00","2026-08-26 20:48:01.14381+00"
"zhaowu-backgrounds","2026-08-26/abec45b4-f34e-45c1-afa2-2eed5f6c3add.jpeg","441006","image/jpeg","2026-08-26 20:41:33.544358+00","2026-08-26 20:41:33.544358+00"
"zhaowu-backgrounds","2026-08-26/ac2a34ab-9178-40fd-8a8a-cc60a1ccc7ca.jpeg","105355","image/jpeg","2026-08-26 20:36:56.7177+00","2026-08-26 20:36:56.7177+00"
"zhaowu-backgrounds","2026-08-26/ae2a9a2f-8f94-41c3-8ace-15f968e462df.jpeg","595904","image/jpeg","2026-08-26 20:01:23.158367+00","2026-08-26 20:01:23.158367+00"
"zhaowu-backgrounds","2026-08-26/ae3e02e4-ea77-40a9-b165-e0d5b6b031e6.png","3954211","image/png","2026-08-26 20:43:35.497244+00","2026-08-26 20:43:35.497244+00"
"zhaowu-backgrounds","2026-08-26/afc19a86-af43-4309-8789-d0d2b163953d.png","3672721","image/png","2026-08-26 20:01:34.00396+00","2026-08-26 20:01:34.00396+00"
"zhaowu-backgrounds","2026-08-26/b0224c2e-7434-447a-983f-7f81ba085cef.png","3250587","image/png","2026-08-26 20:38:35.541213+00","2026-08-26 20:38:35.541213+00"
"zhaowu-backgrounds","2026-08-26/b21fceff-b0ac-4e91-b4fd-6db4b802c389.png","2237732","image/png","2026-08-26 20:41:44.149248+00","2026-08-26 20:41:44.149248+00"
"zhaowu-backgrounds","2026-08-26/b26fcedf-4d6b-43a0-bb98-9b40ba4d0b58.png","3087844","image/png","2026-08-26 20:37:53.017144+00","2026-08-26 20:37:53.017144+00"
"zhaowu-backgrounds","2026-08-26/b281f6f7-f595-45fb-9969-efe55cab8d23.png","3908770","image/png","2026-08-26 18:43:09.871146+00","2026-08-26 18:43:09.871146+00"
"zhaowu-backgrounds","2026-08-26/b2e14f8e-16fe-4565-b437-8ecc6f152847.jpeg","493737","image/jpeg","2026-08-26 20:50:00.422741+00","2026-08-26 20:50:00.422741+00"
"zhaowu-backgrounds","2026-08-26/b331c1b5-0aed-41c5-bcb4-947e8546f96a.png","3662469","image/png","2026-08-26 20:49:32.864863+00","2026-08-26 20:49:32.864863+00"
"zhaowu-backgrounds","2026-08-26/b43ed88c-4e9e-4d66-a2c7-73765b5eb937.jpeg","696750","image/jpeg","2026-08-26 20:38:41.379907+00","2026-08-26 20:38:41.379907+00"
"zhaowu-backgrounds","2026-08-26/b4caf48f-9880-40e6-8bf2-d1f37e864c32.jpeg","857526","image/jpeg","2026-08-26 20:38:40.185126+00","2026-08-26 20:38:40.185126+00"
"zhaowu-backgrounds","2026-08-26/b582f608-d388-4111-9597-d82cbc2d7b61.png","1422504","image/png","2026-08-26 20:42:32.038037+00","2026-08-26 20:42:32.038037+00"
"zhaowu-backgrounds","2026-08-26/b65dbf51-db99-46c5-bcb6-10dc8d860521.png","3071188","image/png","2026-08-26 20:41:46.834463+00","2026-08-26 20:41:46.834463+00"
"zhaowu-backgrounds","2026-08-26/b6a96763-1089-4024-bab2-e76566b6f33f.jpeg","315148","image/jpeg","2026-08-26 20:41:26.471174+00","2026-08-26 20:41:26.471174+00"
"zhaowu-backgrounds","2026-08-26/b963faa2-26e1-46b0-9511-fd7394e3401a.png","3273730","image/png","2026-08-26 20:44:05.716494+00","2026-08-26 20:44:05.716494+00"
"zhaowu-backgrounds","2026-08-26/ba065f7f-96f2-482f-a181-6549e076218d.png","3718048","image/png","2026-08-26 20:43:22.780144+00","2026-08-26 20:43:22.780144+00"
"zhaowu-backgrounds","2026-08-26/bc26d23e-dcca-4221-89c9-4c97a3585b32.png","2466352","image/png","2026-08-26 19:57:52.340203+00","2026-08-26 19:57:52.340203+00"
"zhaowu-backgrounds","2026-08-26/bc6098f4-aaf7-4be6-ad3a-487239829981.png","3495456","image/png","2026-08-26 20:00:51.14149+00","2026-08-26 20:00:51.14149+00"
"zhaowu-backgrounds","2026-08-26/bd89a4fe-77a2-47a1-b32a-73cc990764c0.png","3479533","image/png","2026-08-26 20:00:48.276113+00","2026-08-26 20:00:48.276113+00"
"zhaowu-backgrounds","2026-08-26/be396f2b-9d59-449e-a163-aeba9ab919b1.png","1362789","image/png","2026-08-26 20:42:41.019874+00","2026-08-26 20:42:41.019874+00"
"zhaowu-backgrounds","2026-08-26/be9178bc-bcad-4a3c-b1e2-56951ef21e69.png","3908770","image/png","2026-08-26 19:59:52.563794+00","2026-08-26 19:59:52.563794+00"
"zhaowu-backgrounds","2026-08-26/bed9d034-329d-4f8b-bb50-2cbf00c6065f.png","2358578","image/png","2026-08-26 20:41:51.262285+00","2026-08-26 20:41:51.262285+00"
"zhaowu-backgrounds","2026-08-26/bf5c5904-f1d8-41a9-8141-b15c59dfe8a9.png","3000534","image/png","2026-08-26 20:37:36.558488+00","2026-08-26 20:37:36.558488+00"
"zhaowu-backgrounds","2026-08-26/c25e70f0-8e68-407f-be0b-655e15eb204a.jpeg","343796","image/jpeg","2026-08-26 20:37:10.359194+00","2026-08-26 20:37:10.359194+00"
"zhaowu-backgrounds","2026-08-26/c27f3ae6-7be0-46a8-94fa-8cfed5735ba0.png","1507075","image/png","2026-08-26 20:00:12.608638+00","2026-08-26 20:00:12.608638+00"
"zhaowu-backgrounds","2026-08-26/c35ea76d-41e3-4ad1-8fad-c256f9057409.png","3869679","image/png","2026-08-26 20:38:05.694761+00","2026-08-26 20:38:05.694761+00"
"zhaowu-backgrounds","2026-08-26/c5713d5c-9f38-4cf3-8cab-7746f13d3b39.png","3410067","image/png","2026-08-26 20:01:13.725855+00","2026-08-26 20:01:13.725855+00"
"zhaowu-backgrounds","2026-08-26/c5baad57-67f8-4faa-9e04-8222c56fe71b.png","3602856","image/png","2026-08-26 20:37:56.696785+00","2026-08-26 20:37:56.696785+00"
"zhaowu-backgrounds","2026-08-26/c6425e7e-f7ef-4135-887d-d64bd071f798.png","2466352","image/png","2026-08-26 20:41:53.386077+00","2026-08-26 20:41:53.386077+00"
"zhaowu-backgrounds","2026-08-26/c64bd92f-0edf-46b6-b68d-e994d22e8c83.jpeg","635501","image/jpeg","2026-08-26 20:47:00.6752+00","2026-08-26 20:47:00.6752+00"
"zhaowu-backgrounds","2026-08-26/c653a375-f888-4ec3-b780-5101d0daee50.png","3070246","image/png","2026-08-26 20:00:19.714036+00","2026-08-26 20:00:19.714036+00"
"zhaowu-backgrounds","2026-08-26/c76c411a-a41d-4931-9839-3b732e3b1877.png","2815956","image/png","2026-08-26 20:49:56.783418+00","2026-08-26 20:49:56.783418+00"
"zhaowu-backgrounds","2026-08-26/c7cbd225-9bce-4e1a-ac79-6d3b61cd09be.png","3714487","image/png","2026-08-26 20:48:27.6962+00","2026-08-26 20:48:27.6962+00"
"zhaowu-backgrounds","2026-08-26/cbb4ce03-bdcd-410e-8c5d-a6bce8dc75eb.jpeg","364910","image/jpeg","2026-08-26 20:37:13.528342+00","2026-08-26 20:37:13.528342+00"
"zhaowu-backgrounds","2026-08-26/cd3418bb-f977-430c-83bf-310e3f3bafb7.png","3660844","image/png","2026-08-26 20:00:41.968412+00","2026-08-26 20:00:41.968412+00"
"zhaowu-backgrounds","2026-08-26/cd769f64-5eab-4a16-b76b-d8d3dfb672ea.png","1300580","image/png","2026-08-26 20:41:54.917716+00","2026-08-26 20:41:54.917716+00"
"zhaowu-backgrounds","2026-08-26/cf2e016a-8e9d-4712-a471-70abf5814a53.png","3670746","image/png","2026-08-26 18:43:05.524409+00","2026-08-26 18:43:05.524409+00"
"zhaowu-backgrounds","2026-08-26/cf5091dc-33d2-4244-b8b2-513e14bc407c.jpeg","386388","image/jpeg","2026-08-26 20:48:02.161992+00","2026-08-26 20:48:02.161992+00"
"zhaowu-backgrounds","2026-08-26/cf94b8b5-4a77-4b05-8b4b-bcd1916e928c.png","3428108","image/png","2026-08-26 20:43:16.719932+00","2026-08-26 20:43:16.719932+00"
"zhaowu-backgrounds","2026-08-26/d04a6da9-9d63-45c8-b84f-60b455f6bf5a.png","2975028","image/png","2026-08-26 20:48:36.26598+00","2026-08-26 20:48:36.26598+00"
"zhaowu-backgrounds","2026-08-26/d098f4a6-66a9-4580-91be-aa1863cff501.jpeg","770578","image/jpeg","2026-08-26 20:47:03.739883+00","2026-08-26 20:47:03.739883+00"
"zhaowu-backgrounds","2026-08-26/d0a5fe14-5734-4f0a-89c9-56cf3f416542.png","3157309","image/png","2026-08-26 20:44:13.897117+00","2026-08-26 20:44:13.897117+00"
"zhaowu-backgrounds","2026-08-26/d0a7c375-8d8d-43d8-a8e0-c7fe3c6ebab4.jpeg","398888","image/jpeg","2026-08-26 20:46:42.218361+00","2026-08-26 20:46:42.218361+00"
"zhaowu-backgrounds","2026-08-26/d11d8912-dab0-4be2-b4de-ac76aaf3b2ec.jpeg","527632","image/jpeg","2026-08-26 20:49:03.159215+00","2026-08-26 20:49:03.159215+00"
"zhaowu-backgrounds","2026-08-26/d1486e7f-7e1c-4808-8214-f4cf02a3a18b.jpeg","536123","image/jpeg","2026-08-26 20:41:37.114578+00","2026-08-26 20:41:37.114578+00"
"zhaowu-backgrounds","2026-08-26/d1b43f51-117e-44d1-91dd-4afe1fe0beb7.png","2778716","image/png","2026-08-26 20:41:49.083129+00","2026-08-26 20:41:49.083129+00"
"zhaowu-backgrounds","2026-08-26/d2235bcd-84b6-4388-bf17-8b863b5b50d0.png","2908935","image/png","2026-08-26 19:57:50.237999+00","2026-08-26 19:57:50.237999+00"
"zhaowu-backgrounds","2026-08-26/d2550e0c-a087-4d11-ae7b-ed60eec2d2e6.jpeg","360458","image/jpeg","2026-08-26 20:46:37.422301+00","2026-08-26 20:46:37.422301+00"
"zhaowu-backgrounds","2026-08-26/d78002c3-1a90-4cfa-a37c-514b96bd7953.jpeg","478485","image/jpeg","2026-08-26 20:46:58.13553+00","2026-08-26 20:46:58.13553+00"
"zhaowu-backgrounds","2026-08-26/d9e4e1a2-1f35-42d5-884f-5a133786262e.png","2089206","image/png","2026-08-26 20:46:39.814668+00","2026-08-26 20:46:39.814668+00"
"zhaowu-backgrounds","2026-08-26/d9ea3cde-2bb1-4337-9633-9e6cd7bd732e.png","187515","image/png","2026-08-26 20:46:32.569947+00","2026-08-26 20:46:32.569947+00"
"zhaowu-backgrounds","2026-08-26/da561afd-4c02-486d-904c-414e1593d424.png","3648580","image/png","2026-08-26 20:43:40.590669+00","2026-08-26 20:43:40.590669+00"
"zhaowu-backgrounds","2026-08-26/dc70b606-e6ef-4ce4-8369-89cab1a98500.jpeg","335549","image/jpeg","2026-08-26 20:37:12.489289+00","2026-08-26 20:37:12.489289+00"
"zhaowu-backgrounds","2026-08-26/dd5f8bc6-6867-4853-a92c-5d9211cacb6c.png","3209608","image/png","2026-08-26 20:42:58.353632+00","2026-08-26 20:42:58.353632+00"
"zhaowu-backgrounds","2026-08-26/dd83511d-2c96-43ce-a8a4-40baa0b6d480.png","3298039","image/png","2026-08-26 20:01:21.408514+00","2026-08-26 20:01:21.408514+00"
"zhaowu-backgrounds","2026-08-26/ddb17cf5-7617-4cc0-9ba5-bfafaa6e8af5.png","3651342","image/png","2026-08-26 20:00:29.930443+00","2026-08-26 20:00:29.930443+00"
"zhaowu-backgrounds","2026-08-26/df708c15-d6e7-4930-a05b-34f3ea077d75.png","4196358","image/png","2026-08-26 20:49:42.722649+00","2026-08-26 20:49:42.722649+00"
"zhaowu-backgrounds","2026-08-26/dff52c7b-ffa1-4b61-b3e4-c5cdced6bbfd.png","4286235","image/png","2026-08-26 20:47:07.899202+00","2026-08-26 20:47:07.899202+00"
"zhaowu-backgrounds","2026-08-26/e000487c-34e4-4966-b4b2-2297a357f064.jpeg","125787","image/jpeg","2026-08-26 20:38:36.588016+00","2026-08-26 20:38:36.588016+00"
"zhaowu-backgrounds","2026-08-26/e09cd26b-c3cd-4311-8200-f52fe7cff941.png","3595053","image/png","2026-08-26 20:43:54.889321+00","2026-08-26 20:43:54.889321+00"
"zhaowu-backgrounds","2026-08-26/e29e6561-bb7c-4e8b-bd33-046b3350d554.png","3882023","image/png","2026-08-26 20:38:32.940041+00","2026-08-26 20:38:32.940041+00"
"zhaowu-backgrounds","2026-08-26/e30db913-02c2-452f-ac2e-e1aea4a1079e.jpeg","94777","image/jpeg","2026-08-26 20:36:49.568384+00","2026-08-26 20:36:49.568384+00"
"zhaowu-backgrounds","2026-08-26/e381d1bf-c81b-4f62-ae36-607fc7d67717.jpeg","409189","image/jpeg","2026-08-26 20:46:47.038687+00","2026-08-26 20:46:47.038687+00"
"zhaowu-backgrounds","2026-08-26/e3da3073-8940-427e-8c16-57bf4ca7de7e.jpeg","94236","image/jpeg","2026-08-26 20:36:55.791871+00","2026-08-26 20:36:55.791871+00"
"zhaowu-backgrounds","2026-08-26/e4c1ce8a-2168-4002-a7a4-c7feefd6de0b.jpeg","293749","image/jpeg","2026-08-26 20:37:16.587213+00","2026-08-26 20:37:16.587213+00"
"zhaowu-backgrounds","2026-08-26/e71a586e-892a-441d-be95-c8e31e6795cf.png","3296246","image/png","2026-08-26 20:44:16.518038+00","2026-08-26 20:44:16.518038+00"
"zhaowu-backgrounds","2026-08-26/e765152f-5a1d-4175-ba43-df7d4b56ac19.jpeg","267252","image/jpeg","2026-08-26 20:01:29.82846+00","2026-08-26 20:01:29.82846+00"
"zhaowu-backgrounds","2026-08-26/e79fe233-9c33-494e-a95f-6aae67025da3.png","3575064","image/png","2026-08-26 20:00:37.874199+00","2026-08-26 20:00:37.874199+00"
"zhaowu-backgrounds","2026-08-26/e861d15a-4f6a-41d9-982a-f9244af93670.png","2602475","image/png","2026-08-26 20:43:03.679841+00","2026-08-26 20:43:03.679841+00"
"zhaowu-backgrounds","2026-08-26/eaaf8334-0bd7-4845-a535-d1ebef683c27.png","2738737","image/png","2026-08-26 20:47:31.301184+00","2026-08-26 20:47:31.301184+00"
"zhaowu-backgrounds","2026-08-26/eb184195-ae11-40e4-8211-31b7119483de.jpeg","2748926","image/jpeg","2026-08-26 20:38:43.602897+00","2026-08-26 20:38:43.602897+00"
"zhaowu-backgrounds","2026-08-26/ec190da6-c2b8-44cb-8577-6a5b406c6611.png","3934811","image/png","2026-08-26 20:49:48.743324+00","2026-08-26 20:49:48.743324+00"
"zhaowu-backgrounds","2026-08-26/ec36efa0-38d6-4323-af8a-63b965a6cd80.jpeg","674018","image/jpeg","2026-08-26 20:38:37.730107+00","2026-08-26 20:38:37.730107+00"
"zhaowu-backgrounds","2026-08-26/ec856cec-9281-4324-b412-64aada2bb01a.png","1546380","image/png","2026-08-26 20:42:37.615044+00","2026-08-26 20:42:37.615044+00"
"zhaowu-backgrounds","2026-08-26/ed47a8c1-e5de-4e59-81de-345b3d55a572.png","1928901","image/png","2026-08-26 20:00:10.46731+00","2026-08-26 20:00:10.46731+00"
"zhaowu-backgrounds","2026-08-26/eda84fcd-6e89-4dc4-a2b7-e401e41db326.png","1280478","image/png","2026-08-26 20:42:30.416919+00","2026-08-26 20:42:30.416919+00"
"zhaowu-backgrounds","2026-08-26/ee8ab2a0-6292-4ded-ab0e-81ffec444602.jpeg","424765","image/jpeg","2026-08-26 20:41:38.288722+00","2026-08-26 20:41:38.288722+00"
"zhaowu-backgrounds","2026-08-26/ef0e2c99-b07f-4809-974d-fd0210eedada.png","3250350","image/png","2026-08-26 20:44:02.90952+00","2026-08-26 20:44:02.90952+00"
"zhaowu-backgrounds","2026-08-26/f0e8707e-addf-40a8-a807-4da638c2fd42.png","3086580","image/png","2026-08-26 20:47:42.230976+00","2026-08-26 20:47:42.230976+00"
"zhaowu-backgrounds","2026-08-26/f17bde28-c321-4358-a64f-340154d3e45e.png","3560344","image/png","2026-08-26 20:48:22.094283+00","2026-08-26 20:48:22.094283+00"
"zhaowu-backgrounds","2026-08-26/f23a1783-0b09-401d-92e0-91395cefd3a9.png","4120078","image/png","2026-08-26 20:49:45.863232+00","2026-08-26 20:49:45.863232+00"
"zhaowu-backgrounds","2026-08-26/f246af10-b1fe-4cac-ae3b-acce986e82fa.png","3313678","image/png","2026-08-26 20:38:25.211228+00","2026-08-26 20:38:25.211228+00"
"zhaowu-backgrounds","2026-08-26/f456061e-aeb9-4c28-8283-9b848ead8737.png","3309412","image/png","2026-08-26 20:37:47.946267+00","2026-08-26 20:37:47.946267+00"
"zhaowu-backgrounds","2026-08-26/f50ef9f8-3e1a-48f7-bfb0-18431a661425.png","3573855","image/png","2026-08-26 20:36:53.001396+00","2026-08-26 20:36:53.001396+00"
"zhaowu-backgrounds","2026-08-26/f72d4d68-d7b9-4f81-806c-ae8dd45698bb.png","3758103","image/png","2026-08-26 19:59:57.36401+00","2026-08-26 19:59:57.36401+00"
"zhaowu-backgrounds","2026-08-26/f85dbb7b-108a-41bf-9340-03d8038b19c3.png","3271921","image/png","2026-08-26 20:44:31.910401+00","2026-08-26 20:44:31.910401+00"
"zhaowu-backgrounds","2026-08-26/fb47cc33-d69f-444b-81a2-bbc346c2484f.jpeg","92147","image/jpeg","2026-08-26 20:36:54.048287+00","2026-08-26 20:36:54.048287+00"
"zhaowu-backgrounds","2026-08-26/fbbafd23-8865-44ee-9171-b60de8895b0b.png","3858312","image/png","2026-08-26 20:42:49.645771+00","2026-08-26 20:42:49.645771+00"
"zhaowu-backgrounds","2026-08-26/fbfc2d2e-a2f7-4b9f-9df8-84b46f66736b.jpeg","97420","image/jpeg","2026-08-26 20:36:48.336481+00","2026-08-26 20:36:48.336481+00"
"zhaowu-backgrounds","2026-08-26/fd3f8c93-26ae-46dc-bd32-6d67cf09fbb0.jpeg","388343","image/jpeg","2026-08-26 20:46:36.150388+00","2026-08-26 20:46:36.150388+00"
"zhaowu-backgrounds","2026-08-26/fda23379-4edb-45e6-bed0-214c6aca4106.png","3505359","image/png","2026-08-26 20:01:01.3991+00","2026-08-26 20:01:01.3991+00"
"zhaowu-backgrounds","2026-08-26/fe156b85-9f36-475b-87a2-fe0459232c0b.png","3782490","image/png","2026-08-26 20:38:02.686658+00","2026-08-26 20:38:02.686658+00"
"zhaowu-backgrounds","2026-08-26/ff986701-a7d8-4caa-b7b8-b648a8c24489.jpeg","449534","image/jpeg","2026-08-26 20:37:02.056207+00","2026-08-26 20:37:02.056207+00"
"zhaowu-backgrounds","brand/r59/zhaowu-home-icon-180.png","21690","image/png","2026-09-06 06:12:19.212114+00","2026-09-06 06:12:19.212114+00"
"zhaowu-backgrounds","brand/r59/zhaowu-home-icon-192.png","24048","image/png","2026-09-06 06:12:18.513268+00","2026-09-06 06:12:18.513268+00"
"zhaowu-backgrounds","brand/r59/zhaowu-home-icon-512.png","143594","image/png","2026-09-06 06:12:19.926905+00","2026-09-06 06:12:19.926905+00"
"zhaowu-backgrounds","brand/r59/zhaowu-logo.png","56177","image/png","2026-09-06 06:12:20.587205+00","2026-09-06 06:12:20.587205+00"
"zhaowu-backgrounds","brand/r61/zhaowu-home-icon-180.png","21690","image/png","2026-09-06 06:21:14.954208+00","2026-09-06 06:21:14.954208+00"
"zhaowu-backgrounds","brand/r61/zhaowu-home-icon-192.png","24048","image/png","2026-09-06 06:21:14.174885+00","2026-09-06 06:21:14.174885+00"
"zhaowu-backgrounds","brand/r61/zhaowu-home-icon-512.png","143594","image/png","2026-09-06 06:21:15.697112+00","2026-09-06 06:21:15.697112+00"
"zhaowu-backgrounds","brand/r61/zhaowu-logo.png","56177","image/png","2026-09-06 06:21:16.406982+00","2026-09-06 06:21:16.406982+00"
"zhaowu-gallery","loading/0426194c-ba4a-46ae-8f5c-0f7060d4a927/2026-09-06-55fb19af-de45-49f5-8233-c35c1d5e7ddc.png","3163653","image/png","2026-09-06 15:06:40.580261+00","2026-09-06 15:06:40.580261+00"
"zhaowu-gallery","loading/67006fae-350e-4429-a1d2-6c11e3b26076/2026-09-06-a1de411d-ec6a-467a-9031-a68265b0c43f.jpeg","776593","image/jpeg","2026-09-06 15:06:47.728601+00","2026-09-06 15:06:47.728601+00"
"zhaowu-gallery","loading/70e19a69-efd3-4e4f-a687-e0a76fe0aceb/2026-09-06-edbc3110-7dc5-447f-94f6-6e98f98a4bd3.png","3841229","image/png","2026-09-06 15:07:23.240563+00","2026-09-06 15:07:23.240563+00"
"zhaowu-gallery","loading/c7e21ad0-467c-4288-b408-e9defe267f7c/2026-09-06-c43569e1-fd20-4cde-8928-335a6b5250f4.png","3899435","image/png","2026-09-06 15:06:43.420231+00","2026-09-06 15:06:43.420231+00"
"zhaowu-gallery","loading/f3978388-837b-4e7d-b4ff-6fa5d4cb6b27/2026-09-06-9d845d97-f8a0-4148-9118-87c038f3c62f.png","4019691","image/png","2026-09-06 15:06:46.815227+00","2026-09-06 15:06:46.815227+00"
"zhaowu-gallery","loading/f3978388-837b-4e7d-b4ff-6fa5d4cb6b27/2026-09-06-f3ce1b3a-427b-495d-bcb2-e1216735f758.png","4019691","image/png","2026-09-06 15:06:50.333218+00","2026-09-06 15:06:50.333218+00"
"zhaowu-gallery","loading/img-1253/2026-09-06-a4afc9b0-34ce-4f67-9403-f8c67369ae20.png","6045052","image/png","2026-09-06 15:07:26.828046+00","2026-09-06 15:07:26.828046+00"
"zhaowu-gallery","loading/img-1281/2026-09-06-b08f620d-0650-4149-86dc-0ddc915b042a.png","2832022","image/png","2026-09-06 15:07:05.918004+00","2026-09-06 15:07:05.918004+00"
"zhaowu-gallery","loading/img-1282/2026-09-06-cffa8dee-01dd-47f5-a078-3835bfecfda7.png","2948193","image/png","2026-09-06 15:07:13.273782+00","2026-09-06 15:07:13.273782+00"
"zhaowu-gallery","loading/img-1283/2026-09-06-a165bc3b-166e-41c9-86c0-fcba8bb09fbd.png","2946989","image/png","2026-09-06 15:07:11.274447+00","2026-09-06 15:07:11.274447+00"
"zhaowu-gallery","loading/img-1284/2026-09-06-80f0b4fb-f641-4b01-b450-15c2d0bdc2d9.png","2911832","image/png","2026-09-06 15:07:09.200013+00","2026-09-06 15:07:09.200013+00"
"zhaowu-gallery","loading/img-1285/2026-09-06-2bec9e2b-b256-4da9-bc70-b3bab7d4ef55.png","2968622","image/png","2026-09-06 15:07:19.339608+00","2026-09-06 15:07:19.339608+00"
"zhaowu-gallery","loading/img-1286/2026-09-06-dd6f84a6-3337-49c3-a1d6-8f5490c26a1d.png","2956143","image/png","2026-09-06 15:07:17.209664+00","2026-09-06 15:07:17.209664+00"
"zhaowu-gallery","loading/img-1287/2026-09-06-54d0f706-e34f-479d-bd40-f027ce04bad6.png","2927075","image/png","2026-09-06 15:07:15.198232+00","2026-09-06 15:07:15.198232+00"
"zhaowu-gallery","loading/img-1296/2026-09-06-95931d66-b872-41b6-b152-ecf567a3a005.png","2964663","image/png","2026-09-06 15:06:57.106252+00","2026-09-06 15:06:57.106252+00"
"zhaowu-gallery","loading/img-1297/2026-09-06-2d03549a-2fb3-4c22-867f-67ee168a7abe.png","2947394","image/png","2026-09-06 15:07:03.97725+00","2026-09-06 15:07:03.97725+00"
"zhaowu-gallery","loading/img-1298/2026-09-06-eeb69ea2-e362-47dc-a406-e2df9ca0409f.png","2942416","image/png","2026-09-06 15:07:01.454768+00","2026-09-06 15:07:01.454768+00"
"zhaowu-gallery","loading/img-1299/2026-09-06-7f8048cd-76f3-4e6a-a58f-5fcd54072989.png","2933384","image/png","2026-09-06 15:06:59.202981+00","2026-09-06 15:06:59.202981+00"
"zhaowu-gallery","loading/img-1301/2026-09-06-81d675cd-5321-4a65-a503-e1193713b38b.png","2928756","image/png","2026-09-06 15:08:42.661853+00","2026-09-06 15:08:42.661853+00"
"zhaowu-gallery","loading/img-1320/2026-09-06-6ba889f4-f4f9-4504-af62-4901c53f8073.jpeg","543250","image/jpeg","2026-09-06 15:06:51.346288+00","2026-09-06 15:06:51.346288+00"
"zhaowu-gallery","loading/img-2648/2026-09-06-6f11cb86-5610-4fc6-b382-6b86fc34cdc4.png","1460997","image/png","2026-09-06 15:07:20.699839+00","2026-09-06 15:07:20.699839+00"
"zhaowu-gallery","loading/img-2667/2026-09-06-3c698fe1-6e8b-484a-98af-485e7d965055.png","2749238","image/png","2026-09-06 15:06:55.167096+00","2026-09-06 15:06:55.167096+00"
"zhaowu-gallery","loading/img-2670/2026-09-06-333e52c8-62f3-46bc-a8ff-5cb2058bd1b9.png","1980726","image/png","2026-09-06 15:06:53.175706+00","2026-09-06 15:06:53.175706+00"
"zhaowu-gallery","report-visuals/r57/day-0.webp","226202","image/webp","2026-09-05 12:44:46.767374+00","2026-09-05 12:44:46.767374+00"
"zhaowu-gallery","report-visuals/r57/day-1.webp","227598","image/webp","2026-09-05 12:44:47.912378+00","2026-09-05 12:44:47.912378+00"
"zhaowu-gallery","report-visuals/r57/month-0.webp","152552","image/webp","2026-09-05 12:44:48.748468+00","2026-09-05 12:44:48.748468+00"
"zhaowu-gallery","report-visuals/r57/month-1.webp","161942","image/webp","2026-09-05 12:44:49.574925+00","2026-09-05 12:44:49.574925+00"
"zhaowu-gallery","report-visuals/r57/month-2.webp","139966","image/webp","2026-09-05 12:44:50.537117+00","2026-09-05 12:44:50.537117+00"
"zhaowu-gallery","report-visuals/r57/month-3.webp","122292","image/webp","2026-09-05 12:44:51.306802+00","2026-09-05 12:44:51.306802+00"
"zhaowu-gallery","report-visuals/r59/luck-0.webp","1210954","image/webp","2026-09-06 06:34:10.274917+00","2026-09-06 06:34:10.274917+00"
"zhaowu-gallery","report-visuals/r62/overview-bg.webp","90996","image/webp","2026-09-06 06:47:23.624324+00","2026-09-06 06:47:23.624324+00"
"zhaowu-gallery","visual-library/074278fe-f6b0-4bd1-a0a0-836c86c8b617/2026-09-08-32ceef9e-f721-4636-9299-93660d4d9263.png","3243836","image/png","2026-09-08 18:23:06.471387+00","2026-09-08 18:23:06.471387+00"
"zhaowu-gallery","visual-library/0a9e07e5-e95e-4dcb-8601-8e362bce0884/2026-09-08-34684260-c02b-44da-a132-40f94eb510dd.png","4378625","image/png","2026-09-08 18:22:03.615388+00","2026-09-08 18:22:03.615388+00"
"zhaowu-gallery","visual-library/13460e6a-64bf-4ce1-8ac8-f624283d5878/2026-09-02-e3dedb09-4bc3-4d91-8730-204eb9a98d54.png","4262808","image/png","2026-09-02 15:52:51.268821+00","2026-09-02 15:52:51.268821+00"
"zhaowu-gallery","visual-library/13c2f4cb-e51f-435c-8ba3-f0c2c2837017/2026-09-08-725b9e6b-2e07-4e44-b58b-180734dea854.png","3320037","image/png","2026-09-08 18:23:43.570656+00","2026-09-08 18:23:43.570656+00"
"zhaowu-gallery","visual-library/14e4f801-1ac2-45aa-a0f3-08e6475ce56e/2026-09-08-e18c1359-1f1e-4923-8328-b1e461798ec4.png","4195344","image/png","2026-09-08 18:21:32.198436+00","2026-09-08 18:21:32.198436+00"
"zhaowu-gallery","visual-library/180375ed-c6b2-4530-a3de-383ec73b3e7d/2026-09-08-488c5236-1dd4-45fc-867a-f9473ca21601.png","4225424","image/png","2026-09-08 18:21:42.838886+00","2026-09-08 18:21:42.838886+00"
"zhaowu-gallery","visual-library/1a091d98-2b5f-4deb-9297-ce0024aef743/2026-09-08-bb3fda86-f17e-4412-9847-1784ad682bf9.png","4508811","image/png","2026-09-08 18:23:34.398714+00","2026-09-08 18:23:34.398714+00"
"zhaowu-gallery","visual-library/1ce89531-53ab-4b23-9841-239af17fba82/2026-09-08-52ed4d52-f807-4036-a80e-ecc229108b57.png","4377615","image/png","2026-09-08 18:22:29.244954+00","2026-09-08 18:22:29.244954+00"
"zhaowu-gallery","visual-library/2d3adbb7-3319-4c67-82f3-d8184042e7bb/2026-09-08-c4276c1e-e81f-46a9-91fb-c628a53aec09.png","3163653","image/png","2026-09-08 18:24:41.938551+00","2026-09-08 18:24:41.938551+00"
"zhaowu-gallery","visual-library/2d80c810-caca-41cb-93f2-2325f4b0282f/2026-09-08-c0a4a63f-42db-4bf2-84ee-0cfdae6d2107.png","4439122","image/png","2026-09-08 18:24:17.349257+00","2026-09-08 18:24:17.349257+00"
"zhaowu-gallery","visual-library/3abe01dc-0207-4ddd-846a-4878b6bf2a89/2026-09-08-49a2cbed-a95f-4bf0-963c-9adff45d728e.png","4243531","image/png","2026-09-08 18:24:22.690762+00","2026-09-08 18:24:22.690762+00"
"zhaowu-gallery","visual-library/435f777a-7b3f-411b-be4e-390976ba9256/2026-09-08-60722a0c-2393-4a52-b4ba-06c0a6d0a011.png","3425479","image/png","2026-09-08 18:21:20.952298+00","2026-09-08 18:21:20.952298+00"
"zhaowu-gallery","visual-library/48063a04-5fd4-4c54-9adf-1854f5166d90/2026-09-08-bb1c55d2-05ad-4713-8a37-ed50b927e470.png","4199312","image/png","2026-09-08 18:22:47.682579+00","2026-09-08 18:22:47.682579+00"
"zhaowu-gallery","visual-library/4902afc3-f739-43b2-a9be-8d9bedc03d43/2026-09-08-71f1b52f-b923-4750-802b-c6ff0b6133d6.png","4418161","image/png","2026-09-08 18:24:03.435598+00","2026-09-08 18:24:03.435598+00"
"zhaowu-gallery","visual-library/4b5b13e0-9b48-4fa2-8c7b-4fe2c0db970b/2026-09-08-18bc08e9-b704-4060-9b2e-b2a6e1c7e11b.png","4590523","image/png","2026-09-08 18:23:02.950181+00","2026-09-08 18:23:02.950181+00"
"zhaowu-gallery","visual-library/57f353e2-439d-4b04-870b-9f4356254dff/2026-09-08-7cf5c28d-1d97-4429-ac35-1e31f8714b59.png","4269030","image/png","2026-09-08 18:22:43.140872+00","2026-09-08 18:22:43.140872+00"
"zhaowu-gallery","visual-library/5b7fd8c3-7187-4ff2-a790-49a1d36effc4/2026-09-02-0a4bf062-ab79-4b8c-ae0d-ee9f9ddd382f.png","4237196","image/png","2026-09-02 15:52:45.219744+00","2026-09-02 15:52:45.219744+00"
"zhaowu-gallery","visual-library/5e789102-0404-467c-b2f5-80b1f44ff179/2026-09-02-2d345cc5-4960-467b-b1cb-84c3523d60df.png","4194606","image/png","2026-09-02 15:53:03.674275+00","2026-09-02 15:53:03.674275+00"
"zhaowu-gallery","visual-library/5f013974-25d0-4e6b-ae26-eb142adcee2d/2026-09-08-928e2113-a00e-4507-8d96-f14e1c1cf0bf.png","4105674","image/png","2026-09-08 18:22:34.177656+00","2026-09-08 18:22:34.177656+00"
"zhaowu-gallery","visual-library/6511a900-49e9-494f-99f4-5296f2b0daee/2026-09-02-8a2f1d1f-6946-4891-be48-ca3e5da47993.png","4193699","image/png","2026-09-02 15:52:34.500669+00","2026-09-02 15:52:34.500669+00"
"zhaowu-gallery","visual-library/67006fae-350e-4429-a1d2-6c11e3b26076/2026-09-08-7a1921ba-52ab-44a1-992e-60e675604392.jpeg","776593","image/jpeg","2026-09-08 18:24:37.104955+00","2026-09-08 18:24:37.104955+00"
"zhaowu-gallery","visual-library/6cd6d724-ea09-45a0-a2ab-6eab0c6e445b/2026-09-08-1f957b4e-8fdd-4db0-8ca2-55018bfca9b5.png","4200227","image/png","2026-09-08 18:22:38.575507+00","2026-09-08 18:22:38.575507+00"
"zhaowu-gallery","visual-library/7104d2d7-1cd4-4401-8679-95fcaaf1c069/2026-09-08-8fb5c8ce-3e38-4270-bf06-063b4c567960.png","4526717","image/png","2026-09-08 18:22:17.862707+00","2026-09-08 18:22:17.862707+00"
"zhaowu-gallery","visual-library/71734eae-7036-4104-880f-e8afb5f7e04e/2026-09-08-a700a33f-df90-4976-8864-e9a8e8460e14.png","4448407","image/png","2026-09-08 18:22:57.146203+00","2026-09-08 18:22:57.146203+00"
"zhaowu-gallery","visual-library/73b671b4-d62c-4061-8018-2f01023b57d5/2026-09-08-cfdd3ca6-8dad-4c17-be18-6d58be3a7e63.png","4535406","image/png","2026-09-08 18:23:18.484577+00","2026-09-08 18:23:18.484577+00"
"zhaowu-gallery","visual-library/74b672a4-5b30-452a-a99a-ca38d99dcc14/2026-09-02-c2ba4274-b85b-4cf9-a595-e6c1d704958b.png","2810295","image/png","2026-09-02 15:53:19.322954+00","2026-09-02 15:53:19.322954+00"
"zhaowu-gallery","visual-library/7561f526-e0a9-47e8-84a5-185e1dd71105/2026-09-02-179eeb28-6cb6-4e70-b13d-84c93be0b90b.png","4172762","image/png","2026-09-02 15:52:39.63484+00","2026-09-02 15:52:39.63484+00"
"zhaowu-gallery","visual-library/75dba3ec-5d3e-4c5a-9717-48130b0c31df/2026-09-08-eb879924-0781-4249-bf54-4b9243e1be2b.png","4339851","image/png","2026-09-08 18:22:08.076999+00","2026-09-08 18:22:08.076999+00"
"zhaowu-gallery","visual-library/7cd564d7-c5b3-4397-b88e-99f11c6c2e32/2026-09-08-cb4d9e25-cb28-4f26-b878-fdf7316105c0.png","4329154","image/png","2026-09-08 18:24:07.870964+00","2026-09-08 18:24:07.870964+00"
"zhaowu-gallery","visual-library/7d3f202f-4eed-4a0f-a07c-78e6593a9742/2026-09-08-84b85c60-d7fe-4592-af0f-8b6c97d14cc7.png","4180962","image/png","2026-09-08 18:21:26.856816+00","2026-09-08 18:21:26.856816+00"
"zhaowu-gallery","visual-library/8a819ebc-1dd2-4cd0-973e-fa07eb76c946/2026-09-02-27988768-63e6-4bb4-82ba-a0f7b864a810.png","4142782","image/png","2026-09-02 15:52:29.103222+00","2026-09-02 15:52:29.103222+00"
"zhaowu-gallery","visual-library/8ea169a6-5ab5-43db-83fb-fad4fec13c4d/2026-09-08-7ddb0d01-5c58-48e3-bea3-4103cce91a17.png","3257547","image/png","2026-09-08 18:24:32.219136+00","2026-09-08 18:24:32.219136+00"
"zhaowu-gallery","visual-library/90bc55dd-0674-4c33-85de-2a12b87ffa56/2026-09-08-c83aa604-8368-468b-bc4c-82e9f22b41eb.png","4336570","image/png","2026-09-08 18:22:52.476959+00","2026-09-08 18:22:52.476959+00"
"zhaowu-gallery","visual-library/91e4b294-1706-45d5-a6fc-69fb53965125/2026-09-08-eb239f58-2f8a-419b-8ec9-ab4865a03908.png","4570450","image/png","2026-09-08 18:22:12.860205+00","2026-09-08 18:22:12.860205+00"
"zhaowu-gallery","visual-library/9600b939-196f-4ae1-b6e4-c63459d58c0f/2026-09-02-63fedf71-97b3-4009-9c9d-e7152b07dd14.png","3645410","image/png","2026-09-02 15:53:10.592003+00","2026-09-02 15:53:10.592003+00"
"zhaowu-gallery","visual-library/9b8a0558-7741-4c47-b83b-2af786c075fb/2026-09-08-b3f84133-1bc3-498b-aeba-8a9a24cee375.png","4418270","image/png","2026-09-08 18:21:54.016784+00","2026-09-08 18:21:54.016784+00"
"zhaowu-gallery","visual-library/a8e7ec46-fc18-4666-ab35-8fb7031de991/2026-09-08-d8070f07-6466-4c02-b740-d15f78e1cd86.png","4472185","image/png","2026-09-08 18:24:12.680993+00","2026-09-08 18:24:12.680993+00"
"zhaowu-gallery","visual-library/b977cb4c-06db-4074-865c-75503befc771/2026-09-02-8c74464e-6c30-49a0-93b5-205293572fb5.png","3612258","image/png","2026-09-02 15:53:15.602888+00","2026-09-02 15:53:15.602888+00"
"zhaowu-gallery","visual-library/b98bc2fb-268e-4e28-bc5a-534e7cb5207a/2026-09-02-77021a52-c8b1-4297-9687-441952b6f920.png","4164986","image/png","2026-09-02 15:53:30.999114+00","2026-09-02 15:53:30.999114+00"
"zhaowu-gallery","visual-library/baa76419-4945-46c9-b43b-35023ae2ab9d/2026-09-08-17a11efa-101b-4199-afeb-f0877cec3e2d.png","4424591","image/png","2026-09-08 18:23:39.53222+00","2026-09-08 18:23:39.53222+00"
"zhaowu-gallery","visual-library/c5feb718-c471-4b61-b68d-322a1f8a014d/2026-09-08-2de3b003-babb-4dc1-8e5f-ccd3e786732b.png","4511804","image/png","2026-09-08 18:23:13.489264+00","2026-09-08 18:23:13.489264+00"
"zhaowu-gallery","visual-library/c7e21ad0-467c-4288-b408-e9defe267f7c/2026-09-08-f8d64d0b-fc72-436d-bc55-4a454360d7e1.png","3899435","image/png","2026-09-08 18:24:48.45822+00","2026-09-08 18:24:48.45822+00"
"zhaowu-gallery","visual-library/cd0f1d74-f2c6-4288-b628-944eabd7f251/2026-09-08-fe5f4c82-4238-4249-a554-6504c24bdd59.png","4303020","image/png","2026-09-08 18:22:23.592288+00","2026-09-08 18:22:23.592288+00"
"zhaowu-gallery","visual-library/cf2404be-3f64-4d7d-b110-02aab6cfd199/2026-09-08-7f9c72df-99a2-46b8-b7ce-770f27e43e40.png","4428999","image/png","2026-09-08 18:23:48.374115+00","2026-09-08 18:23:48.374115+00"
"zhaowu-gallery","visual-library/d1e699cf-320b-403c-90cb-86e1928580ec/2026-09-02-4b620d47-217f-4600-9936-9d7ee31de5c7.png","4215579","image/png","2026-09-02 15:52:57.571525+00","2026-09-02 15:52:57.571525+00"
"zhaowu-gallery","visual-library/d21d6216-a8a4-4794-8271-32657413ecf1/2026-09-08-5dd57975-b25d-498a-be29-99d001e5f2e9.png","4470612","image/png","2026-09-08 18:21:48.153968+00","2026-09-08 18:21:48.153968+00"
"zhaowu-gallery","visual-library/d6823d6c-51c2-494a-828e-5b95c2baf689/2026-09-08-5a698e19-32db-464c-b438-e94af0fcc368.png","4532244","image/png","2026-09-08 18:23:58.686691+00","2026-09-08 18:23:58.686691+00"
"zhaowu-gallery","visual-library/d6a9e953-d8c8-421b-afd2-b33cdf002d98/2026-09-08-9a98528b-875e-4a11-9c70-6d1c21f24165.png","4207941","image/png","2026-09-08 18:21:37.615813+00","2026-09-08 18:21:37.615813+00"
"zhaowu-gallery","visual-library/ec26d122-2a98-4c58-bb98-329089de8aef/2026-09-08-4886e130-81f1-45ae-983f-88632bf9f370.png","4210215","image/png","2026-09-08 18:21:58.517614+00","2026-09-08 18:21:58.517614+00"
"zhaowu-gallery","visual-library/ee62d427-24c5-409e-a492-e1eadee68ed2/2026-09-08-f226fae1-1e27-4437-a812-ae4e81e91e38.png","4545745","image/png","2026-09-08 18:23:53.457375+00","2026-09-08 18:23:53.457375+00"
"zhaowu-gallery","visual-library/eea35de9-7710-4dd7-940f-f04d05385319/2026-09-08-52d72cf1-62c6-4f44-9027-50c12afbcf1d.png","4312165","image/png","2026-09-08 18:24:28.229637+00","2026-09-08 18:24:28.229637+00"
"zhaowu-gallery","visual-library/f2e1b700-377e-413c-acad-e5ae0f44831e/2026-09-02-550973da-04dd-43e5-99d1-9351345d4af6.png","3005528","image/png","2026-09-02 15:53:25.474676+00","2026-09-02 15:53:25.474676+00"
"zhaowu-gallery","visual-library/f4926ab0-d173-4dbd-afff-ab457489a93e/2026-09-08-d3bb7143-4c05-473b-bdf9-2cc50af35ffb.jpeg","1519446","image/jpeg","2026-09-08 18:24:35.190733+00","2026-09-08 18:24:35.190733+00"
"zhaowu-gallery","visual-library/f5e69c7e-c4f9-49ae-9d5f-ab3802eed9c3/2026-09-08-3f5bd7a4-583f-474f-bd38-3c1ec4de96af.png","4481712","image/png","2026-09-08 18:23:29.023913+00","2026-09-08 18:23:29.023913+00"
"zhaowu-gallery","visual-library/f8f7466c-5998-468d-9851-385ed176cf0f/2026-09-08-ef5da2de-b8b7-454c-a37f-2a685344b574.png","4466609","image/png","2026-09-08 18:23:24.071991+00","2026-09-08 18:23:24.071991+00"
"zhaowu-gallery","visual-library/image-20260908182133-93516b06500ad2314fdc151df9be5f32/2026-09-08-e80bf03b-fab0-49f3-89ec-327e32916d54.jpeg","115820","image/jpeg","2026-09-08 18:21:15.287609+00","2026-09-08 18:21:15.287609+00"
"zhaowu-gallery","visual-library/img-0388/2026-08-27-ae2d3b50-9008-4344-87db-048b8ff683d8.jpeg","520759","image/jpeg","2026-08-27 03:00:11.674357+00","2026-08-27 03:00:11.674357+00"
"zhaowu-gallery","visual-library/img-0967/2026-08-27-0d187078-655e-48f4-94d7-629ba2be8153.jpeg","692314","image/jpeg","2026-08-27 03:03:54.639385+00","2026-08-27 03:03:54.639385+00"
"zhaowu-gallery","visual-library/img-0968/2026-08-27-902ee2fa-9773-4d70-b421-98d1d2d688ab.jpeg","630660","image/jpeg","2026-08-27 03:03:53.386948+00","2026-08-27 03:03:53.386948+00"
"zhaowu-gallery","visual-library/img-0969/2026-08-27-1427efd8-8e34-4592-ace1-e7175ec79479.jpeg","683134","image/jpeg","2026-08-27 03:03:52.114362+00","2026-08-27 03:03:52.114362+00"
"zhaowu-gallery","visual-library/img-0970/2026-08-27-7b00e7f2-faf7-4094-832c-f927696da723.jpeg","637967","image/jpeg","2026-08-27 03:03:50.869599+00","2026-08-27 03:03:50.869599+00"
"zhaowu-gallery","visual-library/img-0971/2026-08-27-f9caf3a0-a209-472b-90ce-eceb706878fd.jpeg","654046","image/jpeg","2026-08-27 03:03:49.65923+00","2026-08-27 03:03:49.65923+00"
"zhaowu-gallery","visual-library/img-0972/2026-08-27-0ad52374-c2c1-4be7-bf34-5f9d23be77c7.jpeg","713959","image/jpeg","2026-08-27 03:03:48.029801+00","2026-08-27 03:03:48.029801+00"
"zhaowu-gallery","visual-library/img-0973/2026-08-27-8f43be8a-f43c-4bd9-a957-94a9de7a93d4.jpeg","601787","image/jpeg","2026-08-27 03:03:46.729817+00","2026-08-27 03:03:46.729817+00"
"zhaowu-gallery","visual-library/img-0974/2026-08-27-31dd37f5-aef7-4186-a721-0d517a74c4da.jpeg","664053","image/jpeg","2026-08-27 03:03:45.321841+00","2026-08-27 03:03:45.321841+00"
"zhaowu-gallery","visual-library/img-0975/2026-08-27-bd1d579c-da42-4dc0-a5ce-6effd9ba2d7e.jpeg","564457","image/jpeg","2026-08-27 03:03:43.136917+00","2026-08-27 03:03:43.136917+00"
"zhaowu-gallery","visual-library/img-0976/2026-08-27-0ff890c1-36de-4a85-a3b1-224bd37a1373.jpeg","661513","image/jpeg","2026-08-27 03:03:41.878116+00","2026-08-27 03:03:41.878116+00"
"zhaowu-gallery","visual-library/img-0977/2026-08-27-b0b68b63-e99c-4c82-91d0-90b71f7ab3a6.jpeg","703789","image/jpeg","2026-08-27 03:03:40.253823+00","2026-08-27 03:03:40.253823+00"
"zhaowu-gallery","visual-library/img-0978/2026-08-27-8f0615c1-c627-416a-982f-cdede51466ae.jpeg","592099","image/jpeg","2026-08-27 03:03:39.11053+00","2026-08-27 03:03:39.11053+00"
"zhaowu-gallery","visual-library/img-0979/2026-08-27-3b9c92e0-ee54-445c-be7e-35d0f929d90b.jpeg","598750","image/jpeg","2026-08-27 03:03:37.782743+00","2026-08-27 03:03:37.782743+00"
"zhaowu-gallery","visual-library/img-0980/2026-08-27-e6590c2e-f838-43b5-91d6-ceeefecf19a6.jpeg","658046","image/jpeg","2026-08-27 03:03:36.23855+00","2026-08-27 03:03:36.23855+00"
"zhaowu-gallery","visual-library/img-0981/2026-08-27-0274dc8f-b5fc-4bff-9a20-1542df79f014.jpeg","706317","image/jpeg","2026-08-27 03:03:34.952114+00","2026-08-27 03:03:34.952114+00"
"zhaowu-gallery","visual-library/img-0982/2026-08-27-0c8f166b-274e-4d63-9e6f-e38978c368f3.jpeg","624272","image/jpeg","2026-08-27 03:03:30.631092+00","2026-08-27 03:03:30.631092+00"
"zhaowu-gallery","visual-library/img-0983/2026-08-27-130214c4-43cd-4e9d-8371-74ebdce0a41d.jpeg","618773","image/jpeg","2026-08-27 03:03:29.276482+00","2026-08-27 03:03:29.276482+00"
"zhaowu-gallery","visual-library/img-0984/2026-08-27-ae74c6fd-ada9-42f7-a6a5-2674e41f848c.jpeg","636638","image/jpeg","2026-08-27 03:03:28.090336+00","2026-08-27 03:03:28.090336+00"
"zhaowu-gallery","visual-library/img-0985/2026-08-27-3ec9d638-081e-4cd4-8bac-c22a1a170e30.jpeg","653421","image/jpeg","2026-08-27 03:03:33.41476+00","2026-08-27 03:03:33.41476+00"
"zhaowu-gallery","visual-library/img-0986/2026-08-27-188028b4-25bf-4d76-b78b-23adb6ee1eb9.jpeg","590115","image/jpeg","2026-08-27 03:03:31.851899+00","2026-08-27 03:03:31.851899+00"
"zhaowu-gallery","visual-library/img-1008/2026-08-27-0b4ea63d-e252-4e92-a50f-1c820e0df380.jpeg","415581","image/jpeg","2026-08-27 03:03:26.695174+00","2026-08-27 03:03:26.695174+00"
"zhaowu-gallery","visual-library/img-1008/2026-08-27-2500b77a-0623-418d-8bed-074402531ee5.jpeg","415581","image/jpeg","2026-08-27 03:03:15.163475+00","2026-08-27 03:03:15.163475+00"
"zhaowu-gallery","visual-library/img-1009/2026-08-27-eefd44c5-2d3e-473e-a304-7d6d373f9619.jpeg","386473","image/jpeg","2026-08-27 03:03:25.487502+00","2026-08-27 03:03:25.487502+00"
"zhaowu-gallery","visual-library/img-1010/2026-08-27-941ea981-67d3-4fe0-825a-ea9c99e2c23b.jpeg","416790","image/jpeg","2026-08-27 03:03:24.420574+00","2026-08-27 03:03:24.420574+00"
"zhaowu-gallery","visual-library/img-1011/2026-08-27-d540ea37-b4cb-405d-9e50-63a01afa5204.jpeg","411344","image/jpeg","2026-08-27 03:03:23.217221+00","2026-08-27 03:03:23.217221+00"
"zhaowu-gallery","visual-library/img-1012/2026-08-27-94f44f2b-9aec-492c-97e4-b12de982ed26.jpeg","308345","image/jpeg","2026-08-27 03:03:21.876898+00","2026-08-27 03:03:21.876898+00"
"zhaowu-gallery","visual-library/img-1014/2026-08-27-a906b360-aa01-4bd1-a589-b01999f68e90.jpeg","367181","image/jpeg","2026-08-27 03:03:14.038894+00","2026-08-27 03:03:14.038894+00"
"zhaowu-gallery","visual-library/img-1015/2026-08-27-b99aa4d8-2c82-423a-abb8-78f1d61b4631.jpeg","442469","image/jpeg","2026-08-27 03:03:11.954589+00","2026-08-27 03:03:11.954589+00"
"zhaowu-gallery","visual-library/img-1016/2026-08-27-b7900990-4f6a-4e7b-aa7e-ca105de830d5.jpeg","441861","image/jpeg","2026-08-27 03:03:20.7376+00","2026-08-27 03:03:20.7376+00"
"zhaowu-gallery","visual-library/img-1017/2026-08-27-a359338d-629f-4c62-8146-bf20a282cb7f.jpeg","446244","image/jpeg","2026-08-27 03:03:18.870046+00","2026-08-27 03:03:18.870046+00"
"zhaowu-gallery","visual-library/img-1018/2026-08-27-e9aec793-5902-4049-8eab-758f1f698164.jpeg","450393","image/jpeg","2026-08-27 03:03:17.613928+00","2026-08-27 03:03:17.613928+00"
"zhaowu-gallery","visual-library/img-1019/2026-08-27-317f5e96-a677-4529-89e6-0a429d100571.jpeg","480757","image/jpeg","2026-08-27 03:03:10.801443+00","2026-08-27 03:03:10.801443+00"
"zhaowu-gallery","visual-library/img-1020/2026-08-27-933f8b24-cc82-488d-9898-fe35eaccdd7a.jpeg","407642","image/jpeg","2026-08-27 03:03:09.532497+00","2026-08-27 03:03:09.532497+00"
"zhaowu-gallery","visual-library/img-1021/2026-08-27-51c642e5-503b-4f1e-8abd-eeb09b0407fc.jpeg","446005","image/jpeg","2026-08-27 03:03:08.390195+00","2026-08-27 03:03:08.390195+00"
"zhaowu-gallery","visual-library/img-1022/2026-08-27-739ef8bf-ab2d-4f21-88b4-6fd73ba52ea2.jpeg","553143","image/jpeg","2026-08-27 03:03:06.291198+00","2026-08-27 03:03:06.291198+00"
"zhaowu-gallery","visual-library/img-1023/2026-08-27-25bdea5a-dc2f-4c45-be45-62bf33ce649b.jpeg","384590","image/jpeg","2026-08-27 03:03:04.990273+00","2026-08-27 03:03:04.990273+00"
"zhaowu-gallery","visual-library/img-1024/2026-08-27-aca641be-1ab6-4525-92c3-4544d138f621.jpeg","465815","image/jpeg","2026-08-27 03:03:03.08231+00","2026-08-27 03:03:03.08231+00"
"zhaowu-gallery","visual-library/img-1025/2026-08-27-40580d70-ec9e-4311-81b2-301d90813b5e.jpeg","533501","image/jpeg","2026-08-27 03:03:01.895383+00","2026-08-27 03:03:01.895383+00"
"zhaowu-gallery","visual-library/img-1026/2026-08-27-298447fe-6931-4ce1-8770-9ddb83e3878f.jpeg","523958","image/jpeg","2026-08-27 03:03:00.748633+00","2026-08-27 03:03:00.748633+00"
"zhaowu-gallery","visual-library/img-1027/2026-08-27-baf89a07-5092-431e-910c-3cfef5bab5b5.jpeg","488530","image/jpeg","2026-08-27 03:02:59.602663+00","2026-08-27 03:02:59.602663+00"
"zhaowu-gallery","visual-library/img-1028/2026-08-27-a26e563b-dbff-4a47-929e-d00457b59591.jpeg","448739","image/jpeg","2026-08-27 03:02:58.453767+00","2026-08-27 03:02:58.453767+00"
"zhaowu-gallery","visual-library/img-1029/2026-08-27-79c0b37c-01e8-4157-b03a-e7fabe234074.jpeg","424396","image/jpeg","2026-08-27 03:02:57.384153+00","2026-08-27 03:02:57.384153+00"
"zhaowu-gallery","visual-library/img-1030/2026-08-27-847f6b49-1928-4ada-a7df-c78edd71feda.jpeg","397114","image/jpeg","2026-08-27 03:02:56.321112+00","2026-08-27 03:02:56.321112+00"
"zhaowu-gallery","visual-library/img-1031/2026-08-27-c4d1853c-c1f0-4833-9e5d-3210f4f5168e.jpeg","461219","image/jpeg","2026-08-27 03:02:54.964698+00","2026-08-27 03:02:54.964698+00"
"zhaowu-gallery","visual-library/img-1032/2026-08-27-1c71cd59-bcf0-40b1-9281-d5a8f8985a77.jpeg","425480","image/jpeg","2026-08-27 03:02:53.83891+00","2026-08-27 03:02:53.83891+00"
"zhaowu-gallery","visual-library/img-1033/2026-08-27-ee26f2a1-0d55-4f58-a5e9-16e296ba8a45.jpeg","639125","image/jpeg","2026-08-27 03:02:52.327464+00","2026-08-27 03:02:52.327464+00"
"zhaowu-gallery","visual-library/img-1034/2026-08-27-e0779d5b-1d68-4bfe-82f5-4de19bd4f365.jpeg","383755","image/jpeg","2026-08-27 03:02:51.059499+00","2026-08-27 03:02:51.059499+00"
"zhaowu-gallery","visual-library/img-1035/2026-08-27-ea44b57c-9d9c-47b2-856c-b8b20dfd4871.jpeg","619102","image/jpeg","2026-08-27 03:02:49.766853+00","2026-08-27 03:02:49.766853+00"
"zhaowu-gallery","visual-library/img-1036/2026-08-27-7c989bf0-2282-432f-9cc6-1475c6e28371.jpeg","639334","image/jpeg","2026-08-27 03:02:48.237985+00","2026-08-27 03:02:48.237985+00"
"zhaowu-gallery","visual-library/img-1037/2026-08-27-88cad453-c2ad-4a84-ab91-3838a7962dd3.jpeg","703682","image/jpeg","2026-08-27 03:02:47.010802+00","2026-08-27 03:02:47.010802+00"
"zhaowu-gallery","visual-library/img-1038/2026-08-27-93e9e7b1-3c78-494d-a631-4438777b03d2.jpeg","653823","image/jpeg","2026-08-27 03:02:45.620567+00","2026-08-27 03:02:45.620567+00"
"zhaowu-gallery","visual-library/img-1039/2026-08-27-c8a46551-d0b8-4ffd-99d8-b8d4900b5bc0.jpeg","652658","image/jpeg","2026-08-27 03:02:44.396377+00","2026-08-27 03:02:44.396377+00"
"zhaowu-gallery","visual-library/img-1043/2026-08-27-502a1ea3-d6ab-4d7d-94a9-5882beb1fd10.jpeg","692464","image/jpeg","2026-08-27 03:02:43.226034+00","2026-08-27 03:02:43.226034+00"
"zhaowu-gallery","visual-library/img-1044/2026-08-27-b1666521-f944-4e50-a7c8-db3d675b954f.jpeg","753904","image/jpeg","2026-08-27 03:02:41.942919+00","2026-08-27 03:02:41.942919+00"
"zhaowu-gallery","visual-library/img-1045/2026-08-27-00588514-13c0-4fab-afbd-2091ed90c080.jpeg","670277","image/jpeg","2026-08-27 03:02:39.054013+00","2026-08-27 03:02:39.054013+00"
"zhaowu-gallery","visual-library/img-1046/2026-08-27-85a471a1-b471-4cc9-af28-ae4e9bc843aa.jpeg","626246","image/jpeg","2026-08-27 03:02:37.604347+00","2026-08-27 03:02:37.604347+00"
"zhaowu-gallery","visual-library/img-1047/2026-08-27-441ea79d-ec63-4bf2-88aa-4184eb668599.jpeg","724833","image/jpeg","2026-08-27 03:02:36.321081+00","2026-08-27 03:02:36.321081+00"
"zhaowu-gallery","visual-library/img-1048/2026-08-27-2b55fd15-f7d9-4795-9610-4658a1d50ca1.jpeg","507638","image/jpeg","2026-08-27 03:02:34.178227+00","2026-08-27 03:02:34.178227+00"
"zhaowu-gallery","visual-library/img-1049/2026-08-27-8c7a5332-d056-47d6-96f1-99fbff46bdd6.jpeg","677536","image/jpeg","2026-08-27 03:02:32.930872+00","2026-08-27 03:02:32.930872+00"
"zhaowu-gallery","visual-library/img-1050/2026-08-27-0978104f-49f7-4e1a-95c0-1c3eaedeedb0.jpeg","508091","image/jpeg","2026-08-27 03:02:31.558733+00","2026-08-27 03:02:31.558733+00"
"zhaowu-gallery","visual-library/img-1051/2026-08-27-64fef2bb-c41f-446d-8c93-3f16781e4142.jpeg","467589","image/jpeg","2026-08-27 03:02:30.391987+00","2026-08-27 03:02:30.391987+00"
"zhaowu-gallery","visual-library/img-1052/2026-08-27-a96cf042-1717-4f5b-b6e6-606954de555f.jpeg","533686","image/jpeg","2026-08-27 03:02:29.000278+00","2026-08-27 03:02:29.000278+00"
"zhaowu-gallery","visual-library/img-1053/2026-08-27-26555583-ab3d-4678-b1b1-1b04dc372899.jpeg","573387","image/jpeg","2026-08-27 03:02:27.773843+00","2026-08-27 03:02:27.773843+00"
"zhaowu-gallery","visual-library/img-1054/2026-08-27-bae97803-35a2-43bb-8e0e-a42d64634bca.jpeg","525608","image/jpeg","2026-08-27 03:02:26.38547+00","2026-08-27 03:02:26.38547+00"
"zhaowu-gallery","visual-library/img-1055/2026-08-27-6cc70d27-71f9-4fc6-8425-10ca6ce521cd.jpeg","513747","image/jpeg","2026-08-27 03:02:24.676791+00","2026-08-27 03:02:24.676791+00"
"zhaowu-gallery","visual-library/img-1056/2026-08-27-1b189bee-ada0-49ca-a83a-72d613f7a75e.jpeg","390311","image/jpeg","2026-08-27 03:02:23.212265+00","2026-08-27 03:02:23.212265+00"
"zhaowu-gallery","visual-library/img-1057/2026-08-27-ce4dd10b-b88d-4f15-9bb0-e973cd4a9bcf.jpeg","347876","image/jpeg","2026-08-27 03:02:22.156007+00","2026-08-27 03:02:22.156007+00"
"zhaowu-gallery","visual-library/img-1058/2026-08-27-41a4f1a6-deac-4827-8c02-1be116b657ea.jpeg","400970","image/jpeg","2026-08-27 03:02:20.946798+00","2026-08-27 03:02:20.946798+00"
"zhaowu-gallery","visual-library/img-1059/2026-08-27-833fc23f-0952-4552-b105-212fae376c3d.jpeg","563886","image/jpeg","2026-08-27 03:02:19.816205+00","2026-08-27 03:02:19.816205+00"
"zhaowu-gallery","visual-library/img-1060/2026-08-27-09361931-52b2-478d-b8d0-b4c8e7101e17.jpeg","577378","image/jpeg","2026-08-27 03:01:54.567836+00","2026-08-27 03:01:54.567836+00"
"zhaowu-gallery","visual-library/img-1060/2026-08-27-dd00d835-d397-4e31-ba3e-7645426ae73e.jpeg","577378","image/jpeg","2026-08-27 03:02:18.294292+00","2026-08-27 03:02:18.294292+00"
"zhaowu-gallery","visual-library/img-1061/2026-08-27-bec06d79-d4be-4265-94a9-04ef97141c21.jpeg","453070","image/jpeg","2026-08-27 03:02:16.343954+00","2026-08-27 03:02:16.343954+00"
"zhaowu-gallery","visual-library/img-1062/2026-08-27-bc8cf594-5c00-4f1b-a767-f97bfbd973b6.jpeg","352872","image/jpeg","2026-08-27 03:02:14.694859+00","2026-08-27 03:02:14.694859+00"
"zhaowu-gallery","visual-library/img-1063/2026-08-27-e09ae1ee-81d2-4669-abfc-01bddf14b4a5.jpeg","230612","image/jpeg","2026-08-27 03:02:09.795632+00","2026-08-27 03:02:09.795632+00"
"zhaowu-gallery","visual-library/img-1065/2026-08-27-56691d41-7d8a-47c2-94e0-57061516287a.jpeg","146804","image/jpeg","2026-08-27 03:02:07.856016+00","2026-08-27 03:02:07.856016+00"
"zhaowu-gallery","visual-library/img-1066/2026-08-27-c81b247c-8b22-4097-b46a-5fb843a577a5.jpeg","135342","image/jpeg","2026-08-27 03:02:13.478046+00","2026-08-27 03:02:13.478046+00"
"zhaowu-gallery","visual-library/img-1067/2026-08-27-1d95c8cf-222a-48de-9b70-1d4cdcec012d.jpeg","184073","image/jpeg","2026-08-27 03:02:12.271306+00","2026-08-27 03:02:12.271306+00"
"zhaowu-gallery","visual-library/img-1068/2026-08-27-d63661bb-8987-4344-b801-2aa03b910049.jpeg","128461","image/jpeg","2026-08-27 03:02:11.167195+00","2026-08-27 03:02:11.167195+00"
"zhaowu-gallery","visual-library/img-1069/2026-08-27-edffa2bb-4fad-449e-be29-f00e0e0a04b0.jpeg","154530","image/jpeg","2026-08-27 03:02:02.863137+00","2026-08-27 03:02:02.863137+00"
"zhaowu-gallery","visual-library/img-1070/2026-08-27-1c8bcd59-1a21-4b85-92c2-87708a85ade1.jpeg","188145","image/jpeg","2026-08-27 03:02:01.730923+00","2026-08-27 03:02:01.730923+00"
"zhaowu-gallery","visual-library/img-1071/2026-08-27-27349ec9-ad0d-4399-a5d1-444816fad214.jpeg","139857","image/jpeg","2026-08-27 03:02:00.808242+00","2026-08-27 03:02:00.808242+00"
"zhaowu-gallery","visual-library/img-1072/2026-08-27-7006ac1f-6bc5-4f7f-8c4d-87cf947f2a7a.jpeg","109662","image/jpeg","2026-08-27 03:02:06.893618+00","2026-08-27 03:02:06.893618+00"
"zhaowu-gallery","visual-library/img-1073/2026-08-27-e9f36317-456f-4097-a44c-47d1a8b90c9f.jpeg","135003","image/jpeg","2026-08-27 03:02:05.4366+00","2026-08-27 03:02:05.4366+00"
"zhaowu-gallery","visual-library/img-1074/2026-08-27-25d2d1cf-c19a-4584-9676-69126b8108fa.jpeg","106838","image/jpeg","2026-08-27 03:02:04.401499+00","2026-08-27 03:02:04.401499+00"
"zhaowu-gallery","visual-library/img-1075/2026-08-27-743b12d8-ae6b-4313-9cc1-c6f8be4bf052.jpeg","123275","image/jpeg","2026-08-27 03:01:57.755792+00","2026-08-27 03:01:57.755792+00"
"zhaowu-gallery","visual-library/img-1076/2026-08-27-6ec7323b-3fc9-4a1a-b0b7-bbfe775fe656.jpeg","183053","image/jpeg","2026-08-27 03:01:56.872177+00","2026-08-27 03:01:56.872177+00"
"zhaowu-gallery","visual-library/img-1077/2026-08-27-355a696e-c70e-49b9-878a-11daf8e4bf12.jpeg","118538","image/jpeg","2026-08-27 03:01:55.66293+00","2026-08-27 03:01:55.66293+00"
"zhaowu-gallery","visual-library/img-1078/2026-08-27-0444313d-dac0-4794-a4f3-145975c5056c.jpeg","133586","image/jpeg","2026-08-27 03:01:58.989042+00","2026-08-27 03:01:58.989042+00"
"zhaowu-gallery","visual-library/img-1079/2026-08-27-e73de85d-c16e-4ff3-82d6-fccb9aff5053.jpeg","115445","image/jpeg","2026-08-27 03:01:59.868698+00","2026-08-27 03:01:59.868698+00"
"zhaowu-gallery","visual-library/img-1081/2026-08-27-737f7d46-cf2f-471b-8b66-6df4f3804d60.jpeg","501991","image/jpeg","2026-08-27 03:01:52.430619+00","2026-08-27 03:01:52.430619+00"
"zhaowu-gallery","visual-library/img-1082/2026-08-27-be3d794b-d7f1-408a-b458-b721aa38e3d8.jpeg","562671","image/jpeg","2026-08-27 03:01:50.828121+00","2026-08-27 03:01:50.828121+00"
"zhaowu-gallery","visual-library/img-1083/2026-08-27-37838dee-d180-4105-b4dd-a803edc48254.jpeg","598123","image/jpeg","2026-08-27 03:01:49.183942+00","2026-08-27 03:01:49.183942+00"
"zhaowu-gallery","visual-library/img-1084/2026-08-27-a3e1bbb3-31a1-4c3b-abe6-5077d288c92d.jpeg","425254","image/jpeg","2026-08-27 03:01:47.232049+00","2026-08-27 03:01:47.232049+00"
"zhaowu-gallery","visual-library/img-1085/2026-08-27-979cc8f1-6a74-4bd2-96bb-67f7e083c6bf.jpeg","470619","image/jpeg","2026-08-27 03:01:46.122185+00","2026-08-27 03:01:46.122185+00"
"zhaowu-gallery","visual-library/img-1086/2026-08-27-8131d799-fca1-465c-be3f-66d004510955.jpeg","492731","image/jpeg","2026-08-27 03:01:44.994796+00","2026-08-27 03:01:44.994796+00"
"zhaowu-gallery","visual-library/img-1087/2026-08-27-12144e38-1270-45d3-acfe-e57dc0c2ec28.jpeg","390885","image/jpeg","2026-08-27 03:01:43.416531+00","2026-08-27 03:01:43.416531+00"
"zhaowu-gallery","visual-library/img-1088/2026-08-27-667e6ac4-1b4a-4339-a677-6328962ddb8c.jpeg","502768","image/jpeg","2026-08-27 03:01:42.297033+00","2026-08-27 03:01:42.297033+00"
"zhaowu-gallery","visual-library/img-1089/2026-08-27-090039d8-0e96-41f5-be72-69834a5bccf7.jpeg","459072","image/jpeg","2026-08-27 03:01:41.032976+00","2026-08-27 03:01:41.032976+00"
"zhaowu-gallery","visual-library/img-1090/2026-08-27-a3f1e041-a4c0-45fb-b010-13b75d85fb0d.jpeg","464561","image/jpeg","2026-08-27 03:01:39.918116+00","2026-08-27 03:01:39.918116+00"
"zhaowu-gallery","visual-library/img-1091/2026-08-27-9014f3c8-a3b7-4b25-bfd0-0194d6866c5b.jpeg","308354","image/jpeg","2026-08-27 03:01:37.902716+00","2026-08-27 03:01:37.902716+00"
"zhaowu-gallery","visual-library/img-1092/2026-08-27-ba872565-fc60-46c1-954e-d34cd9c0bdb0.jpeg","479178","image/jpeg","2026-08-27 03:01:35.999204+00","2026-08-27 03:01:35.999204+00"
"zhaowu-gallery","visual-library/img-1093/2026-08-27-a96813e5-7212-4ba9-808f-f706204f69e9.jpeg","410346","image/jpeg","2026-08-27 03:01:34.093478+00","2026-08-27 03:01:34.093478+00"
"zhaowu-gallery","visual-library/img-1094/2026-08-27-8039d099-7684-4aac-bb98-4605e48765ed.jpeg","393349","image/jpeg","2026-08-27 03:01:32.735135+00","2026-08-27 03:01:32.735135+00"
"zhaowu-gallery","visual-library/img-1095/2026-08-27-7617eadf-c6cf-45b0-86bb-7491e10cdcf4.jpeg","636852","image/jpeg","2026-08-27 03:01:31.261427+00","2026-08-27 03:01:31.261427+00"
"zhaowu-gallery","visual-library/img-1096/2026-08-27-5e3d2c7a-dc46-49b4-ba2d-6ad1e076ac79.jpeg","471495","image/jpeg","2026-08-27 03:01:29.620411+00","2026-08-27 03:01:29.620411+00"
"zhaowu-gallery","visual-library/img-1097/2026-08-27-a80073e4-d888-4e3b-880b-96686ad360ea.jpeg","557217","image/jpeg","2026-08-27 03:01:27.726818+00","2026-08-27 03:01:27.726818+00"
"zhaowu-gallery","visual-library/img-1098/2026-08-27-65aeeebb-f0f5-46e7-9ef2-32d9f615b6d3.jpeg","541141","image/jpeg","2026-08-27 03:01:26.475427+00","2026-08-27 03:01:26.475427+00"
"zhaowu-gallery","visual-library/img-1099/2026-08-27-6e0265c3-8413-4902-bbdd-1c23f10fb286.jpeg","603015","image/jpeg","2026-08-27 03:01:21.346906+00","2026-08-27 03:01:21.346906+00"
"zhaowu-gallery","visual-library/img-1100/2026-08-27-2658afed-8f2c-4891-8d2c-7680271cda2a.jpeg","336223","image/jpeg","2026-08-27 03:01:19.607703+00","2026-08-27 03:01:19.607703+00"
"zhaowu-gallery","visual-library/img-1101/2026-08-27-08f73e90-4d16-4fae-bc1a-ba3e8fbb104c.jpeg","581255","image/jpeg","2026-08-27 03:01:18.522934+00","2026-08-27 03:01:18.522934+00"
"zhaowu-gallery","visual-library/img-1102/2026-08-27-ad5badfd-d636-43c8-b0ce-68e247c87748.jpeg","432880","image/jpeg","2026-08-27 03:01:25.062646+00","2026-08-27 03:01:25.062646+00"
"zhaowu-gallery","visual-library/img-1103/2026-08-27-4b592730-ddfd-4f17-9aa1-4859d6a789fa.jpeg","570049","image/jpeg","2026-08-27 03:01:23.93747+00","2026-08-27 03:01:23.93747+00"
"zhaowu-gallery","visual-library/img-1104/2026-08-27-9accafc4-5216-49be-9a88-501ca7ac5f3e.jpeg","351826","image/jpeg","2026-08-27 03:01:22.651377+00","2026-08-27 03:01:22.651377+00"
"zhaowu-gallery","visual-library/img-1108/2026-08-27-7ce95f64-6be1-40e0-9f3b-461bc09bedad.jpeg","472595","image/jpeg","2026-08-27 03:01:17.258478+00","2026-08-27 03:01:17.258478+00"
"zhaowu-gallery","visual-library/img-1109/2026-08-27-899ea066-453a-4749-a2da-4aad8527bc45.jpeg","361259","image/jpeg","2026-08-27 03:01:16.004713+00","2026-08-27 03:01:16.004713+00"
"zhaowu-gallery","visual-library/img-1110/2026-08-27-7270e809-f606-4f85-bed3-ca460aeb5d5e.jpeg","337287","image/jpeg","2026-08-27 03:01:14.947332+00","2026-08-27 03:01:14.947332+00"
"zhaowu-gallery","visual-library/img-1111/2026-08-27-25f54e3c-94d7-486e-ba0c-b3616f537f9a.jpeg","474202","image/jpeg","2026-08-27 03:01:13.687888+00","2026-08-27 03:01:13.687888+00"
"zhaowu-gallery","visual-library/img-1112/2026-08-27-a67e46d0-0eb3-46a0-b2af-c2bd9c1a42db.jpeg","384808","image/jpeg","2026-08-27 03:01:11.634587+00","2026-08-27 03:01:11.634587+00"
"zhaowu-gallery","visual-library/img-1113/2026-08-27-0ed7ae92-3452-4b39-b687-bd6c7be96023.jpeg","490308","image/jpeg","2026-08-27 03:01:10.453144+00","2026-08-27 03:01:10.453144+00"
"zhaowu-gallery","visual-library/img-1114/2026-08-27-840b17de-4b76-4020-b31e-1c00343c1949.jpeg","555816","image/jpeg","2026-08-27 03:01:09.267346+00","2026-08-27 03:01:09.267346+00"
"zhaowu-gallery","visual-library/img-1115/2026-08-27-5ffb6bc4-9382-464c-8ace-464fea52debd.jpeg","508847","image/jpeg","2026-08-27 03:01:07.695781+00","2026-08-27 03:01:07.695781+00"
"zhaowu-gallery","visual-library/img-1116/2026-08-27-54c374f7-abf8-4bb4-89a9-c664b94feaa0.jpeg","509715","image/jpeg","2026-08-27 03:01:06.093111+00","2026-08-27 03:01:06.093111+00"
"zhaowu-gallery","visual-library/img-1117/2026-08-27-843944ca-8fbe-46db-ab96-e9bb485ebc6c.jpeg","472883","image/jpeg","2026-08-27 03:01:04.927114+00","2026-08-27 03:01:04.927114+00"
"zhaowu-gallery","visual-library/img-1118/2026-08-27-294c8a3c-c42e-4415-881b-7a94245e197f.jpeg","463730","image/jpeg","2026-08-27 03:01:03.221026+00","2026-08-27 03:01:03.221026+00"
"zhaowu-gallery","visual-library/img-1119/2026-08-27-357ca01a-b891-435e-b054-2a0f3e09e0c9.jpeg","459541","image/jpeg","2026-08-27 03:01:01.836036+00","2026-08-27 03:01:01.836036+00"
"zhaowu-gallery","visual-library/img-1120/2026-08-27-7c1c4e7a-03ec-4ea8-93d6-b1d8ee77e062.jpeg","512427","image/jpeg","2026-08-27 03:01:00.705731+00","2026-08-27 03:01:00.705731+00"
"zhaowu-gallery","visual-library/img-1121/2026-08-27-f599cfc0-cd78-420b-a4db-96a090eec3e0.jpeg","462960","image/jpeg","2026-08-27 03:00:59.6453+00","2026-08-27 03:00:59.6453+00"
"zhaowu-gallery","visual-library/img-1122/2026-08-27-dcb77712-cf5b-4302-9abc-4eb98feb83f8.jpeg","511584","image/jpeg","2026-08-27 03:00:58.507638+00","2026-08-27 03:00:58.507638+00"
"zhaowu-gallery","visual-library/img-1123/2026-08-27-5fbafebe-4ac0-44ac-8f28-6a17e3b988ec.jpeg","530148","image/jpeg","2026-08-27 03:00:57.346918+00","2026-08-27 03:00:57.346918+00"
"zhaowu-gallery","visual-library/img-1124/2026-08-27-348b1716-dd22-4e33-8196-c55a1e8a49d5.jpeg","532762","image/jpeg","2026-08-27 03:00:55.871162+00","2026-08-27 03:00:55.871162+00"
"zhaowu-gallery","visual-library/img-1125/2026-08-27-4a0cec9f-3f91-4965-8208-7846f274aa64.jpeg","593110","image/jpeg","2026-08-27 03:00:54.457174+00","2026-08-27 03:00:54.457174+00"
"zhaowu-gallery","visual-library/img-1126/2026-08-27-2a05a767-142f-4a80-9d07-b3a4326c3dbb.jpeg","497183","image/jpeg","2026-08-27 03:00:52.763801+00","2026-08-27 03:00:52.763801+00"
"zhaowu-gallery","visual-library/img-1127/2026-08-27-4e89bbea-3706-4502-827d-ab09b7a04ae9.jpeg","535358","image/jpeg","2026-08-27 03:00:51.467415+00","2026-08-27 03:00:51.467415+00"
"zhaowu-gallery","visual-library/img-1128/2026-08-27-08a45c0b-051b-4db4-b5fe-83cf8c198932.jpeg","559217","image/jpeg","2026-08-27 03:00:50.232349+00","2026-08-27 03:00:50.232349+00"
"zhaowu-gallery","visual-library/img-1129/2026-08-27-5e79f433-7f2a-4fa3-ae58-8470fc69b78f.jpeg","432743","image/jpeg","2026-08-27 03:00:39.051423+00","2026-08-27 03:00:39.051423+00"
"zhaowu-gallery","visual-library/img-1130/2026-08-27-4490bc64-d7a6-4754-8754-90858f1b73eb.jpeg","403801","image/jpeg","2026-08-27 03:00:37.878696+00","2026-08-27 03:00:37.878696+00"
"zhaowu-gallery","visual-library/img-1131/2026-08-27-0f7ade36-9d6f-48df-a6e8-a0943515587b.jpeg","344029","image/jpeg","2026-08-27 03:00:48.553607+00","2026-08-27 03:00:48.553607+00"
"zhaowu-gallery","visual-library/img-1132/2026-08-27-17c532a7-ab28-4ee5-a27e-5e88cb898631.jpeg","500250","image/jpeg","2026-08-27 03:00:47.096461+00","2026-08-27 03:00:47.096461+00"
"zhaowu-gallery","visual-library/img-1133/2026-08-27-eb76cf4c-2c58-47e3-8a12-f1aebcdd08d1.jpeg","528031","image/jpeg","2026-08-27 03:00:45.970387+00","2026-08-27 03:00:45.970387+00"
"zhaowu-gallery","visual-library/img-1134/2026-08-27-949253f0-2252-484c-868a-2ec3d586aa92.jpeg","560858","image/jpeg","2026-08-27 03:00:44.593015+00","2026-08-27 03:00:44.593015+00"
"zhaowu-gallery","visual-library/img-1135/2026-08-27-caf515cd-c179-460a-8859-64743677325d.jpeg","496509","image/jpeg","2026-08-27 03:00:43.302406+00","2026-08-27 03:00:43.302406+00"
"zhaowu-gallery","visual-library/img-1136/2026-08-27-6ae6621f-0f92-45c7-9e30-68b175bb1223.jpeg","476246","image/jpeg","2026-08-27 03:00:42.042967+00","2026-08-27 03:00:42.042967+00"
"zhaowu-gallery","visual-library/img-1137/2026-08-27-191d09b9-f7bc-4b00-a324-accff4a66cc3.jpeg","588360","image/jpeg","2026-08-27 03:00:40.207455+00","2026-08-27 03:00:40.207455+00"
"zhaowu-gallery","visual-library/img-1138/2026-08-27-0a8ec3b6-c78b-44d2-baed-e775516dc3dc.jpeg","569753","image/jpeg","2026-08-27 03:00:36.462358+00","2026-08-27 03:00:36.462358+00"
"zhaowu-gallery","visual-library/img-1139/2026-08-27-adff3414-a68e-4554-8a85-a89bce54360d.jpeg","523378","image/jpeg","2026-08-27 03:00:35.028298+00","2026-08-27 03:00:35.028298+00"
"zhaowu-gallery","visual-library/img-1140/2026-08-27-1117cb49-860a-4d24-b596-b49a956dce31.jpeg","489866","image/jpeg","2026-08-27 03:00:33.858784+00","2026-08-27 03:00:33.858784+00"
"zhaowu-gallery","visual-library/img-1141/2026-08-27-27971605-cc99-450c-8638-de0441c90be7.jpeg","559416","image/jpeg","2026-08-27 03:00:31.955101+00","2026-08-27 03:00:31.955101+00"
"zhaowu-gallery","visual-library/img-1142/2026-08-27-0b7ae6bb-a66e-425c-bf5a-7c13b787bca5.jpeg","431850","image/jpeg","2026-08-27 03:00:30.785637+00","2026-08-27 03:00:30.785637+00"
"zhaowu-gallery","visual-library/img-1143/2026-08-27-6ded8c14-a8ba-4c2a-ba0b-7e014c8d3635.jpeg","458538","image/jpeg","2026-08-27 03:00:29.684355+00","2026-08-27 03:00:29.684355+00"
"zhaowu-gallery","visual-library/img-1144/2026-08-27-b69bee70-03c0-4d22-8667-bb0b5319c528.jpeg","487847","image/jpeg","2026-08-27 03:00:28.663016+00","2026-08-27 03:00:28.663016+00"
"zhaowu-gallery","visual-library/img-1145/2026-08-27-05ccbc23-60bf-4448-a009-8b82e490d08b.jpeg","449062","image/jpeg","2026-08-27 03:00:26.99999+00","2026-08-27 03:00:26.99999+00"
"zhaowu-gallery","visual-library/img-1146/2026-08-27-56265728-a990-4fd6-a57a-3bf19f440c96.jpeg","558215","image/jpeg","2026-08-27 03:00:25.887113+00","2026-08-27 03:00:25.887113+00"
"zhaowu-gallery","visual-library/img-1147/2026-08-27-3d5f42e6-364e-47cf-a91d-cb8dc1cedab9.jpeg","499694","image/jpeg","2026-08-27 03:00:24.51124+00","2026-08-27 03:00:24.51124+00"
"zhaowu-gallery","visual-library/img-1148/2026-08-27-1ec26c2f-ab00-4960-96ac-cc3bc30c68b6.jpeg","599284","image/jpeg","2026-08-27 03:00:22.539851+00","2026-08-27 03:00:22.539851+00"
"zhaowu-gallery","visual-library/img-1149/2026-08-27-80db845e-0e39-46ea-9090-35256ddf319b.jpeg","534968","image/jpeg","2026-08-27 03:00:20.534217+00","2026-08-27 03:00:20.534217+00"
"zhaowu-gallery","visual-library/img-1150/2026-08-27-27ba2b1f-dc04-4417-aee7-b15c8696a9e5.jpeg","587289","image/jpeg","2026-08-27 03:00:18.664943+00","2026-08-27 03:00:18.664943+00"
"zhaowu-gallery","visual-library/img-1151/2026-08-27-041253a6-57ec-4ac3-bffc-7771a0553251.jpeg","539944","image/jpeg","2026-08-27 03:00:17.268901+00","2026-08-27 03:00:17.268901+00"
"zhaowu-gallery","visual-library/img-1152/2026-08-27-087a39a7-7bee-439e-a7ee-ed9646b9c6b2.jpeg","567440","image/jpeg","2026-08-27 03:00:15.990522+00","2026-08-27 03:00:15.990522+00"
"zhaowu-gallery","visual-library/img-1153/2026-08-27-46fe957e-0baa-40da-8540-571b4f6a9383.jpeg","552913","image/jpeg","2026-08-27 03:00:13.804413+00","2026-08-27 03:00:13.804413+00"
"zhaowu-gallery","visual-library/img-1155/2026-08-27-3007beb3-4695-4169-899f-8e3ea0624f7f.jpeg","427342","image/jpeg","2026-08-27 03:00:09.343453+00","2026-08-27 03:00:09.343453+00"
"zhaowu-gallery","visual-library/img-1356/2026-09-08-6058610d-9f49-4b26-93ed-bf23f47ae3ad.jpeg","825017","image/jpeg","2026-09-08 18:23:07.700816+00","2026-09-08 18:23:07.700816+00"